hscode,year,exp62,tariff,gdp,gdppc,fta,ctyid,eu_post,eucty,hscode62,ctyname,exp61,hscode61,exp64,hscode64,exp10,hscode10,eu
61,2008,,10,12.144483,444.95014,0,2,0,0,,Afghanistan,41,1,,1,,1,0
64,2013,,2.5,19.731337,621.81808,0,2,0,0,,Afghanistan,,,407,1,,1,0
62,2008,22,15,77.874197,3578.8728,0,3,0,0,1,Angola,1,1,,1,,1,0
62,2010,18,15,82.470913,3529.0535,0,3,0,0,1,Angola,,1,,1,42,1,0
62,2011,3,15,85.702616,3538.7157,0,3,0,0,1,Angola,,1,,1,122,1,0
62,2012,24,15,90.120963,3591.0274,0,3,0,0,1,Angola,35,1,,1,110,1,0
10,2013,,6.67,96.261432,3702.5992,0,3,0,0,,Angola,,,,,230,1,0
10,2014,,30,101,3747.5684,0,3,0,0,,Angola,,,,,137,1,0
61,2007,,15,10.348294,3484.2541,0,4,0,0,,Albania,381,1,,1,,1,0
62,2007,629,5,292,48260.011,0,7,0,0,1,United Arab Emirates,2776,1,12,1,,1,0
62,2008,194,5,301,43658.945,0,7,0,0,1,United Arab Emirates,5406,1,88,1,,1,0
62,2009,111,5,285,37203.398,0,7,0,0,1,United Arab Emirates,5593,1,178,1,,1,0
62,2011,140,5,308,35550.831,0,7,0,0,1,United Arab Emirates,18695,1,1982,1,,1,0
62,2013,316,5,343,38064.004,0,7,0,0,1,United Arab Emirates,32806,1,2604,1,36,1,0
62,2014,722,5,354,39034.376,0,7,0,0,1,United Arab Emirates,40264,1,4281,1,22,1,0
62,2015,1012,5,368,40159.558,0,7,0,0,1,United Arab Emirates,50423,1,10115,1,,1,0
62,2007,3,20,393,9830.6809,0,8,0,0,1,Argentina,2728,1,8,1,,1,0
62,2008,22,20,409,10125.126,0,8,0,0,1,Argentina,5249,1,36,1,,1,0
62,2009,10,35,385,9428.5025,0,8,0,0,1,Argentina,4480,1,157,1,,1,0
62,2010,118,35,424,10276.261,0,8,0,0,1,Argentina,6176,1,210,1,,1,0
62,2011,1,35,449,10780.016,0,8,0,0,1,Argentina,10309,1,2330,1,,1,0
62,2012,4,35,444,10557.885,0,8,0,0,1,Argentina,6586,1,2128,1,,1,0
62,2013,16,35,455,10699.198,0,8,0,0,1,Argentina,7781,1,2050,1,,1,0
62,2014,25,35,444,10323.207,0,8,0,0,1,Argentina,5057,1,738,1,,1,0
62,2015,222,35,455,10490.02,0,8,0,0,1,Argentina,5786,1,870,1,,1,0
61,2014,,10,11.123101,3827.3432,0,9,0,0,,Armenia,6,1,,1,,1,0
61,2009,,20,1.2349005,13196.06,0,11,0,0,,Antigua and Barbuda,22,1,,1,,1,0
61,2013,,20,1.168633,11946.281,0,11,0,0,,Antigua and Barbuda,24,1,,1,,1,0
61,2014,,20,1.2224228,12363.315,0,11,0,0,,Antigua and Barbuda,54,1,,1,,1,0
61,2015,,20,1.2728721,12738.53,0,11,0,0,,Antigua and Barbuda,137,1,24,1,,1,0
62,2007,108,0,1060,50952.467,0,12,0,0,1,Australia,3701,1,96,1,14,1,0
62,2008,289,0,1100,51788.44,0,12,0,0,1,Australia,6494,1,311,1,,1,0
62,2009,241,0,1120,51651.223,0,12,0,0,1,Australia,11160,1,581,1,,1,0
62,2010,483,0,1140,51874.08,1,12,0,0,1,Australia,13384,1,814,1,1025,1,0
62,2011,979,0,1170,52372.155,1,12,0,0,1,Australia,22113,1,1640,1,960,1,0
62,2012,1163,0,1210,53348.389,1,12,0,0,1,Australia,23916,1,3543,1,1082,1,0
62,2013,1628,0,1240,53798.359,1,12,0,0,1,Australia,46413,1,2024,1,663,1,0
62,2014,4786,0,1280,54394.334,1,12,0,0,1,Australia,58540,1,3306,1,766,1,0
62,2015,2905,0,1310,54941.911,1,12,0,0,1,Australia,69867,1,7607,1,1490,1,0
62,2007,89,0,392,47240.528,0,13,0,1,1,Austria,6133,1,2276,1,,1,1
62,2008,35,0,398,47821.528,0,13,0,1,1,Austria,5354,1,1780,1,,1,1
62,2009,215,0,383,45884.399,0,13,0,1,1,Austria,5290,1,1948,1,,1,1
62,2010,107,0,390,46657.063,0,13,0,1,1,Austria,3682,1,3543,1,,1,1
62,2011,27,0,401,47805.777,0,13,1,1,1,Austria,5735,1,4706,1,53,1,1
62,2012,78,0,404,47943.202,0,13,1,1,1,Austria,8245,1,3974,1,257,1,1
62,2013,293,0,405,47723.19,0,13,1,1,1,Austria,11523,1,6688,1,163,1,1
62,2014,112,0,407,47681.167,0,13,1,1,1,Austria,11503,1,3776,1,460,1,1
62,2015,283,0,411,47629.618,0,13,1,1,1,Austria,10165,1,5711,1,427,1,1
62,2014,116,15,58.383103,6122.9805,0,14,0,0,1,,,1,,1,,1,0
62,2007,74,0,478,45013.074,0,16,0,1,1,Belgium,26911,1,81,1,,1,1
62,2008,77,0,482,44992.611,0,16,0,1,1,Belgium,46358,1,1199,1,,1,1
62,2009,68,0,471,43612.16,0,16,0,1,1,Belgium,36981,1,1000,1,,1,1
62,2010,159,0,484,44380.237,0,16,0,1,1,Belgium,51558,1,2070,1,441,1,1
62,2011,2074,0,492,44555.366,0,16,1,1,1,Belgium,112671,1,2729,1,3099,1,1
62,2012,2196,0,493,44293.673,0,16,1,1,1,Belgium,115529,1,3569,1,3292,1,1
62,2013,2557,0,493,44050.043,0,16,1,1,1,Belgium,123006,1,2884,1,4740,1,1
62,2014,8020,0,501,44670.37,0,16,1,1,1,Belgium,167037,1,3670,1,9188,1,1
62,2015,13964,0,508,45067.829,0,16,1,1,1,Belgium,201731,1,9647,1,11517,1,1
10,2007,,10,6.3598224,752.21521,0,17,0,0,,,,,,,54,1,0
62,2011,9,20,7.1767517,758.57752,0,17,0,0,1,,,1,,1,47,1,0
10,2014,,10,8.5756459,833.66249,0,17,0,0,,,,,,,75,1,0
64,2013,,25,139,879.58197,0,18,0,0,,,,,14,1,,1,0
64,2008,,0,52.810911,7048.4459,0,19,0,1,,,,,1,1,,1,1
64,2010,,0,50.610031,6843.2633,0,19,0,1,,,,,3,1,,1,1
10,2011,,0,51.579222,7019.178,0,19,1,1,,,,,,,2225,1,1
10,2012,,0,51.595183,7062.1371,0,19,1,1,,,,,,,298,1,1
10,2013,,0,52.039981,7162.9948,0,19,1,1,,,,,,,2037,1,1
10,2014,,0,52.731514,7299.5524,0,19,1,1,,,,,,,242,1,1
64,2015,,0.67,54.639047,7612.0249,0,19,1,1,,,,,162,1,3522,1,1
61,2007,,5,22.621865,21838.075,0,20,0,0,,Bahrain,109,1,,1,,1,0
62,2008,10,5,24.034629,21563.651,0,20,0,0,1,Bahrain,11,1,,1,,1,0
61,2010,,5,25.713271,20722.104,0,20,0,0,,Bahrain,11,1,8,1,,1,0
61,2012,,5,27.2021,20921.2,0,20,0,0,,Bahrain,16,1,1083,1,,1,0
61,2013,,5,28.675502,21799.652,0,20,0,0,,Bahrain,30,1,9,1,,1,0
64,2014,,5,29.922841,22390.683,0,20,0,0,,Bahrain,,,3,1,,1,0
61,2015,,5,30.779223,22436.208,0,20,0,0,,Bahrain,32,1,59,1,,1,0
64,2013,,25,8.2045651,21748.927,0,21,0,0,,,,,3,1,,1,0
62,2008,1,15,17.536876,4659.6028,0,22,0,0,1,Bosnia and Herzegovina,47,1,,1,,1,0
61,2010,,15,17.16428,4611.4703,0,22,0,0,,Bosnia and Herzegovina,32,1,,1,,1,0
61,2011,,15,17.320174,4695.2583,0,22,0,0,,Bosnia and Herzegovina,40,1,,1,,1,0
61,2014,,15,17.759431,4980.2079,0,22,0,0,,Bosnia and Herzegovina,29,1,,1,,1,0
61,2015,,15,18.295042,5173.9942,0,22,0,0,,Bosnia and Herzegovina,35,1,,1,,1,0
61,2011,,10,60.404676,6376.3939,0,23,0,0,,Belarus,11,1,16,1,,1,0
10,2012,,0,61.450517,6492.7413,0,23,0,0,,Belarus,,,,,543,1,0
10,2014,,0,63.149449,6665.1935,0,23,0,0,,Belarus,,,,,1056,1,0
61,2015,,14.43,60.731096,6399.7422,0,23,0,0,,Belarus,174,1,,1,12,1,0
62,2013,1,20,1.5005308,4359.7142,0,24,0,0,1,Belize,20,1,2,1,,1,0
61,2014,,20,1.561768,4440.7012,0,24,0,0,,Belize,66,1,,1,,1,0
61,2007,,10,17.20038,1821.7955,0,25,0,0,,Bolivia,27,1,,1,,1,0
61,2008,,10,18.257962,1901.8998,0,25,0,0,,Bolivia,78,1,3,1,,1,0
61,2009,,19.44,18.870882,1933.7401,0,25,0,0,,Bolivia,28,1,71,1,,1,0
61,2010,,35,19.649631,1981.1607,0,25,0,0,,Bolivia,16,1,372,1,,1,0
61,2011,,35,20.672216,2051.1523,0,25,0,0,,Bolivia,52,1,1007,1,,1,0
61,2012,,34.63,21.731104,2122.3846,0,25,0,0,,Bolivia,98,1,203,1,,1,0
62,2013,1,40,23.207952,2231.4772,0,25,0,0,1,Bolivia,37,1,96,1,,1,0
62,2014,3,40,24.475239,2317.2572,0,25,0,0,1,Bolivia,29,1,49,1,,1,0
62,2015,7,40,25.664047,2392.984,0,25,0,0,1,Bolivia,99,1,55,1,,1,0
62,2007,131,20,1960,10245.231,0,26,0,0,1,Brazil,3033,1,11,1,,1,0
62,2008,60,35,2060,10658.225,0,26,0,0,1,Brazil,5330,1,168,1,,1,0
62,2009,16,35,2050,10540.109,0,26,0,0,1,Brazil,3612,1,146,1,,1,0
62,2010,97,35,2210,11224.154,0,26,0,0,1,Brazil,4970,1,390,1,,1,0
62,2011,138,35,2300,11559.212,0,26,0,0,1,Brazil,8339,1,1495,1,,1,0
62,2012,147,35,2340,11671.183,0,26,0,0,1,Brazil,8111,1,3892,1,,1,0
62,2013,338,35,2410,11912.147,0,26,0,0,1,Brazil,10175,1,10292,1,,1,0
62,2014,402,35,2420,11866.389,0,26,0,0,1,Brazil,14587,1,5439,1,,1,0
62,2015,161,35,2330,11322.147,0,26,0,0,1,Brazil,16417,1,4066,1,,1,0
62,2010,18,0,13.707371,35268.101,0,27,0,0,1,,,1,,1,,1,0
64,2014,,0,13.715438,33313.833,0,27,0,0,,,,,26,1,3068,1,0
62,2007,6040,0,1600,48552.696,0,30,0,0,1,Canada,129601,1,169,1,60,1,0
62,2008,103980,0,1610,48510.568,0,30,0,0,1,Canada,182270,1,256,1,,1,0
62,2009,2971,0,1570,46543.792,0,30,0,0,1,Canada,189267,1,1403,1,,1,0
62,2010,4431,0,1610,47447.476,0,30,0,0,1,Canada,260273,1,3190,1,,1,0
62,2011,6949,0,1660,48456.965,0,30,0,0,1,Canada,360397,1,7468,1,,1,0
62,2012,17698,0,1690,48724.246,0,30,0,0,1,Canada,348516,1,8613,1,23,1,0
62,2013,13774,0,1740,49355.097,0,30,0,0,1,Canada,412124,1,10417,1,257,1,0
62,2014,13307,0,1780,50067.043,0,30,0,0,1,Canada,456875,1,26673,1,381,1,0
62,2015,19335,0,1800,50109.875,0,30,0,0,1,Canada,460660,1,35159,1,370,1,0
62,2007,7,0,564,74687.526,0,32,0,0,1,Switzerland,7915,1,377,1,,1,0
62,2008,58,0,577,75423.876,0,32,0,0,1,Switzerland,6635,1,528,1,,1,0
62,2009,70,0,565,72901.034,0,32,0,0,1,Switzerland,8090,1,603,1,,1,0
62,2010,8,0,581,74276.718,0,32,0,0,1,Switzerland,11056,1,908,1,,1,0
62,2011,405,0,592,74780.968,0,32,0,0,1,Switzerland,17123,1,1636,1,170,1,0
62,2012,229,0,598,74766.633,0,32,0,0,1,Switzerland,14999,1,1453,1,,1,0
62,2013,192,0,609,75227.89,0,32,0,0,1,Switzerland,17869,1,1017,1,20,1,0
62,2014,216,0,621,75799.606,0,32,0,0,1,Switzerland,17794,1,914,1,84,1,0
62,2015,406,0,626,75572.83,0,32,0,0,1,Switzerland,14941,1,2122,1,169,1,0
62,2007,19,6,203,12285.048,0,33,0,0,1,Chile,2570,1,298,1,,1,0
62,2008,84,6,210,12588.691,0,33,0,0,1,Chile,3951,1,357,1,,1,0
62,2009,4,6,206,12268.441,0,33,0,0,1,Chile,2168,1,2252,1,,1,0
62,2010,36,6,219,12860.178,0,33,0,0,1,Chile,3234,1,1975,1,,1,0
62,2011,139,6,232,13518.765,0,33,0,0,1,Chile,7595,1,4126,1,,1,0
62,2012,61,6,244,14109.143,0,33,0,0,1,Chile,6675,1,4083,1,,1,0
62,2013,108,6,254,14551.044,0,33,0,0,1,Chile,9898,1,2977,1,,1,0
62,2015,381,0,265,14907.116,0,33,0,0,1,Chile,13474,1,3996,1,,1,0
62,2007,44,10.58,4600,3487.8457,0,34,0,0,1,China,1806,1,113,1,,1,0
62,2008,467,12.41,5040,3805.0259,0,34,0,0,1,China,6725,1,98,1,,1,0
62,2009,205,12.59,5510,4142.0382,0,34,0,0,1,China,6475,1,35,1,,1,0
62,2010,1184,0,6100,4560.5125,0,34,0,0,1,China,15802,1,867,1,33,1,0
62,2011,3609,0,6680,4971.5448,0,34,0,0,1,China,39923,1,5470,1,207,1,0
62,2014,3595,0,8330,6108.2386,0,34,0,0,1,China,78547,1,9652,1,30600,1,0
62,2015,6238,0,8910,6496.6239,0,34,0,0,1,China,102964,1,15624,1,41698,1,0
61,2008,,30,22.441256,1186.9279,0,36,0,0,,Cameroon,2,1,,1,,1,0
10,2012,,0,25.729452,1220.4243,0,36,0,0,,Cameroon,,,,,102,1,0
62,2008,18,30,10.274194,2496.5026,0,37,0,0,1,"Congo, Rep.",1,1,2,1,,1,0
64,2009,,30,11.041561,2595.7472,0,37,0,0,,"Congo, Rep.",,,1,1,,1,0
64,2010,,30,12.007881,2737.3424,0,37,0,0,,"Congo, Rep.",,,2,1,,1,0
62,2011,11,30,12.418625,2751.9095,0,37,0,0,1,"Congo, Rep.",,1,,1,21,1,0
62,2007,14,20,262,5910.2924,0,39,0,0,1,Colombia,149,1,,1,,1,0
62,2008,19,20,272,6048.0945,0,39,0,0,1,Colombia,174,1,,1,,1,0
61,2009,,20,276,6078.3155,0,39,0,0,,Colombia,191,1,,1,,1,0
61,2010,,20,287,6250.655,0,39,0,0,,Colombia,94,1,,1,,1,0
62,2011,1,15,306,6592.4023,0,39,0,0,1,Colombia,200,1,93,1,,1,0
62,2012,2,15,318,6789.5255,0,39,0,0,1,Colombia,169,1,112,1,,1,0
62,2013,2,15,334,7051.0403,0,39,0,0,1,Colombia,1257,1,301,1,,1,0
62,2014,4,15,348,7291.6919,0,39,0,0,1,Colombia,2639,1,656,1,,1,0
61,2007,,15,34.265052,7841.9258,0,42,0,0,,Costa Rica,5,1,,1,,1,0
62,2008,5,15,35.858239,8095.3097,0,42,0,0,1,Costa Rica,33,1,,1,,1,0
61,2009,,14,35.510218,7911.7952,0,42,0,0,,Costa Rica,244,1,,1,,1,0
62,2010,22,14,37.268635,8199.4146,0,42,0,0,1,Costa Rica,206,1,,1,,1,0
61,2011,,14,38.873833,8449.9626,0,42,0,0,,Costa Rica,754,1,,1,,1,0
62,2012,7,14,40.73858,8753.2256,0,42,0,0,1,Costa Rica,23,1,19,1,,1,0
61,2013,,14,41.662949,8852.4011,0,42,0,0,,Costa Rica,18,1,164,1,,1,0
62,2014,38,13.89,43.186482,9077.4148,0,42,0,0,1,Costa Rica,78,1,178,1,,1,0
64,2007,,0,24.729495,32236.591,0,45,0,1,,,,,2,1,,1,1
64,2008,,0,25.685034,32651.906,0,45,0,1,,,,,35,1,,1,1
64,2011,,0,25.644357,30138.594,0,45,1,1,,,,,15,1,,1,1
64,2012,,0,24.834565,28745.539,0,45,1,1,,,,,142,1,14,1,1
10,2013,,0,23.356226,27097.307,0,45,1,1,,,,,,,41,1,1
10,2014,,0,22.998536,26977.629,0,45,1,1,,,,,,,148,1,1
64,2015,,0.67,23.384745,27587.281,0,45,1,1,,,,,318,1,214,1,1
62,2007,208,0,207,20104.77,0,46,0,1,1,Czech Republic,745,1,89,1,,1,1
62,2008,64,0,213,20479.238,0,46,0,1,1,Czech Republic,517,1,77,1,,1,1
61,2009,,0,202,19376.966,0,46,0,1,,Czech Republic,26,1,161,1,,1,1
62,2010,12,0,207,19764.016,0,46,0,1,1,Czech Republic,520,1,274,1,94,1,1
62,2011,1,0,211,20118.588,0,46,1,1,1,Czech Republic,682,1,272,1,504,1,1
62,2012,144,0,209,19929.764,0,46,1,1,1,Czech Republic,5249,1,356,1,610,1,1
62,2013,896,0,208,19826.792,0,46,1,1,1,Czech Republic,8140,1,1053,1,4924,1,1
62,2014,1967,0,214,20343.684,0,46,1,1,1,Czech Republic,12863,1,6243,1,6335,1,1
62,2015,3273,0,224,21224.631,0,46,1,1,1,Czech Republic,19872,1,17294,1,9911,1,1
62,2007,3407,0,3440,41831.867,0,47,0,1,1,Germany,151337,1,23287,1,,1,1
62,2008,2061,0,3480,42365.098,0,47,0,1,1,Germany,95438,1,23387,1,,1,1
62,2009,598,0,3280,40086.105,0,47,0,1,1,Germany,70865,1,21092,1,,1,1
62,2010,298,0,3420,41785.557,0,47,0,1,1,Germany,67546,1,27054,1,511,1,1
62,2011,1577,0,3540,44125.331,0,47,1,1,1,Germany,242476,1,38445,1,2714,1,1
62,2012,6376,0,3560,44259.26,0,47,1,1,1,Germany,302496,1,35015,1,2420,1,1
62,2013,18821,0,3580,44354.737,0,47,1,1,1,Germany,391620,1,40571,1,8031,1,1
62,2014,12255,0,3630,44874.881,0,47,1,1,1,Germany,508834,1,40267,1,8814,1,1
62,2015,34002,0,3700,45253.596,0,47,1,1,1,Germany,549257,1,57978,1,9644,1,1
62,2007,44,0,334,61174.545,0,49,0,1,1,Denmark,4396,1,214,1,,1,1
62,2008,26,0,332,60504.775,0,49,0,1,1,Denmark,1290,1,616,1,,1,1
62,2009,35,0,316,57229.052,0,49,0,1,1,Denmark,1615,1,512,1,,1,1
62,2010,8,0,322,58041.411,0,49,0,1,1,Denmark,3240,1,1192,1,34,1,1
62,2011,25,0,326,58575.619,0,49,1,1,1,Denmark,8770,1,2081,1,24,1,1
62,2012,51,0,327,58487.786,0,49,1,1,1,Denmark,14383,1,2440,1,210,1,1
62,2013,205,0,330,58788.082,0,49,1,1,1,Denmark,14882,1,2790,1,386,1,1
62,2014,225,0,336,59471.016,0,49,1,1,1,Denmark,17254,1,2763,1,485,1,1
62,2015,2273,0,341,60000.811,0,49,1,1,1,Denmark,21949,1,4690,1,1980,1,1
61,2013,,19.84,59.894034,5825.5335,0,50,0,0,,Dominican Republic,5,1,,1,,1,0
64,2015,,20,68.989329,6552.6925,0,50,0,0,,Dominican Republic,,,3,1,,1,0
61,2007,,30,150,4359.3757,0,51,0,0,,Algeria,28,1,,1,,1,0
62,2014,3,30,183,4675.885,0,51,0,0,1,Algeria,31,1,15,1,,1,0
61,2015,,30,190,4759.5952,0,51,0,0,,Algeria,51,1,29,1,,1,0
61,2008,,30,66.808367,4624.1966,0,52,0,0,,Ecuador,342,1,,1,,1,0
64,2010,,30,69.555367,4657.3024,0,52,0,0,,Ecuador,,,192,1,,1,0
61,2011,,10,75.028081,4943.4227,0,52,0,0,,Ecuador,568,1,739,1,,1,0
64,2012,,10,79.261137,5140.2629,0,52,0,0,,Ecuador,,,399,1,,1,0
62,2007,10,26.88,186,2333.4673,0,53,0,0,1,"Egypt, Arab Rep.",,1,,1,,1,0
62,2008,11,26.88,199,2456.7314,0,53,0,0,1,"Egypt, Arab Rep.",,1,,1,,1,0
61,2010,,23.75,219,2602.4795,0,53,0,0,,"Egypt, Arab Rep.",398,1,14,1,,1,0
62,2011,4,21.67,223,2593.5969,0,53,0,0,1,"Egypt, Arab Rep.",482,1,130,1,,1,0
62,2012,4,26.88,228,2593.2265,0,53,0,0,1,"Egypt, Arab Rep.",410,1,159,1,,1,0
61,2013,,28.75,233,2591.0595,0,53,0,0,,"Egypt, Arab Rep.",573,1,129,1,,1,0
62,2014,15,23.75,239,2608.3752,0,53,0,0,1,"Egypt, Arab Rep.",728,1,206,1,,1,0
61,2015,,27.5,250,2665.3516,0,53,0,0,,"Egypt, Arab Rep.",992,1,485,1,,1,0
62,2007,331,0,1470,32459.917,0,56,0,1,1,Spain,90079,1,1358,1,,1,1
62,2008,297,0,1480,32302.694,0,56,0,1,1,Spain,117265,1,1123,1,,1,1
62,2009,433,0,1430,30873.583,0,56,0,1,1,Spain,100851,1,2146,1,,1,1
62,2010,1482,0,1430,30736.002,0,56,0,1,1,Spain,89453,1,4230,1,51,1,1
62,2011,1829,0,1420,30320.685,0,56,1,1,1,Spain,126192,1,6474,1,729,1,1
62,2012,4482,0,1380,29413.243,0,56,1,1,1,Spain,129527,1,6231,1,187,1,1
62,2013,5416,0,1350,29006.373,0,56,1,1,1,Spain,165856,1,6904,1,6056,1,1
62,2014,7809,0,1370,29494.413,0,56,1,1,1,Spain,194823,1,9667,1,5432,1,1
62,2015,9581,0,1410,30461.362,0,56,1,1,1,Spain,240309,1,10243,1,5060,1,1
64,2010,,0,19.490936,14638.605,0,57,0,1,,,,,2,1,70,1,1
64,2011,,0,20.971721,15798.633,0,57,1,1,,,,,2,1,204,1,1
10,2012,,0,21.875028,16538.213,0,57,1,1,,,,,,,110,1,1
64,2013,,0,22.184606,16832.061,0,57,1,1,,,,,2,1,383,1,1
64,2014,,0.76,22.810857,17352.663,0,57,1,1,,,,,89,1,266,1,1
64,2015,,0.67,23.140295,17591.738,0,57,1,1,,,,,41,1,341,1,1
61,2009,,35,26.595866,311.36774,0,58,0,0,,Ethiopia(excludes Eritrea),27,1,,1,,1,0
64,2007,,0,260,49239.194,0,59,0,1,,Finland,,,126,1,,1,1
61,2008,,0,262,49363.697,0,59,0,1,,Finland,37,1,242,1,,1,1
61,2009,,0,241,45065.753,0,59,0,1,,Finland,77,1,123,1,,1,1
62,2010,1,0,248,46202.415,0,59,0,1,1,Finland,74,1,82,1,,1,1
62,2011,2,0,254,47171.022,0,59,1,1,1,Finland,211,1,127,1,,1,1
62,2012,55,0,251,46277.556,0,59,1,1,1,Finland,197,1,14,1,,1,1
62,2013,229,0,249,45715.647,0,59,1,1,1,Finland,917,1,248,1,,1,1
62,2014,75,0,247,45239.369,0,59,1,1,1,Finland,1566,1,205,1,197,1,1
62,2015,197,0,248,45211.696,0,59,1,1,1,Finland,1554,1,1474,1,257,1,1
62,2007,1154,0,2670,41696.691,0,62,0,1,1,France,30709,1,3849,1,,1,1
62,2008,2867,0,2670,41545.293,0,62,0,1,1,France,23626,1,5399,1,,1,1
62,2009,1726,0,2600,40116.38,0,62,0,1,1,France,23399,1,4096,1,,1,1
62,2010,2006,0,2650,40703.343,0,62,0,1,1,France,21895,1,7715,1,21506,1,1
62,2011,3227,0,2700,41349.191,0,62,1,1,1,France,39422,1,17756,1,29034,1,1
62,2012,4119,0,2710,41224.729,0,62,1,1,1,France,55794,1,16380,1,35450,1,1
62,2013,6580,0,2720,41249.451,0,62,1,1,1,France,70969,1,21874,1,41573,1,1
62,2014,20233,0,2750,41431.04,0,62,1,1,1,France,107751,1,26418,1,47202,1,1
62,2015,25547,0,2780,41689.708,0,62,1,1,1,France,162252,1,48644,1,51135,1,1
64,2011,,30,15.37686,9060.6627,0,64,0,0,,,,,20,1,,1,0
10,2012,,0,16.18431,9212.2916,0,64,0,0,,,,,,,6637,1,0
10,2013,,0,17.096849,9407.9798,0,64,0,0,,,,,,,13410,1,0
62,2007,2912,0,2510,40891.894,0,65,0,1,1,United Kingdom,113609,1,16729,1,,1,1
62,2008,4980,0,2490,40316.859,0,65,0,1,1,United Kingdom,122344,1,18275,1,,1,1
62,2009,1846,0,2380,38281.396,0,65,0,1,1,United Kingdom,141930,1,26909,1,,1,1
62,2010,4155,0,2430,38709.912,0,65,0,1,1,United Kingdom,161521,1,42045,1,341,1,1
62,2011,5107,0,2470,38988.113,0,65,1,1,1,United Kingdom,289244,1,48422,1,2358,1,1
62,2012,36956,0,2500,39226.336,0,65,1,1,1,United Kingdom,337028,1,54965,1,4469,1,1
62,2013,32124,0,2550,39709.224,0,65,1,1,1,United Kingdom,488849,1,62951,1,5620,1,1
62,2014,24565,0,2620,40621.313,0,65,1,1,1,United Kingdom,630239,1,82411,1,6700,1,1
62,2015,33933,0,2680,41183.934,0,65,1,1,1,United Kingdom,680526,1,97852,1,9932,1,1
64,2007,,0,11.111823,2722.1515,0,66,0,0,,,,,1,1,,1,0
64,2012,,0,13.271494,3469.6717,0,66,0,0,,,,,1,1,,1,0
64,2015,,0,14.768854,3973.2193,0,66,0,0,,,,,2,1,,1,0
10,2013,,20,43.036444,1633.494,0,67,0,0,,,,,,,1213,1,0
64,2007,,0,332,30054.889,0,72,0,1,,,,,644,1,,1,1
64,2008,,0,331,29874.743,0,72,0,1,,,,,1119,1,,1,1
64,2009,,0,317,28514.81,0,72,0,1,,,,,1173,1,,1,1
64,2010,,0,299,26917.759,0,72,0,1,,,,,800,1,,1,1
64,2011,,0,272,24495.711,0,72,1,1,,,,,1299,1,144,1,1
64,2012,,0,252,22830.527,0,72,1,1,,,,,925,1,54,1,1
64,2013,,0,244,22251.257,0,72,1,1,,,,,1921,1,1201,1,1
64,2014,,0.76,245,22479.009,0,72,1,1,,,,,2460,1,259,1,1
64,2015,,0.67,244,22578.015,0,72,1,1,,,,,3249,1,4483,1,1
61,2008,,15,39.975176,2854.072,0,74,0,0,,Guatemala,232,1,,1,,1,0
61,2009,,15,40.185316,2806.9804,0,74,0,0,,Guatemala,16,1,,1,,1,0
61,2013,,15,45.977204,2947.9721,0,74,0,0,,Guatemala,24,1,,1,,1,0
62,2007,96,0,215,31081.573,0,76,0,0,1,"Hong Kong, China",4317,1,117,1,,1,0
62,2008,44,0,220,31553.637,0,76,0,0,1,"Hong Kong, China",4772,1,350,1,59,1,0
62,2009,54,0,214,30711.495,0,76,0,0,1,"Hong Kong, China",5962,1,830,1,,1,0
62,2010,322,0,229,32549.998,0,76,0,0,1,"Hong Kong, China",9261,1,1093,1,58,1,0
62,2011,677,0,240,33888.486,0,76,0,0,1,"Hong Kong, China",15487,1,2604,1,604,1,0
62,2012,2105,0,244,34064.869,0,76,0,0,1,"Hong Kong, China",20474,1,3011,1,580,1,0
62,2013,3925,0,251,34960.649,0,76,0,0,1,"Hong Kong, China",32438,1,2949,1,899,1,0
62,2014,4738,0,258,35657.516,0,76,0,0,1,"Hong Kong, China",37906,1,3539,1,1103,1,0
62,2015,4726,0,264,36191.415,0,76,0,0,1,"Hong Kong, China",47769,1,5985,1,3050,1,0
62,2008,38,15,15.650168,1987.9141,0,77,0,0,1,,,1,,1,,1,0
61,2007,,0,64.218535,14476.676,0,78,0,1,,Croatia,8,1,,1,,1,1
62,2008,1,0,65.537176,14778.906,0,78,0,1,1,Croatia,7,1,2,1,,1,1
62,2010,1,0,59.665427,13505.746,0,78,0,1,1,Croatia,129,1,,1,,1,1
62,2011,3,0,59.497611,13899.291,0,78,1,1,1,Croatia,1750,1,,1,,1,1
61,2012,,0,58.196143,13636.872,0,78,1,1,,Croatia,2676,1,51,1,,1,1
61,2013,,0,57.576982,13529.415,0,78,1,1,,Croatia,2777,1,3,1,616,1,1
62,2014,10,0,57.293843,13517.835,0,78,1,1,1,Croatia,3050,1,,1,373,1,1
62,2015,23,0,58.234288,13853.419,0,78,1,1,1,Croatia,2680,1,127,1,1381,1,1
61,2007,,0,6.7413181,705.38834,0,79,0,0,,Haiti,34,1,,1,,1,0
64,2007,,0,137,13648.642,0,80,0,1,,,,,30,1,,1,1
64,2008,,0,138,13794.138,0,80,0,1,,,,,19,1,,1,1
64,2009,,0,129,12908.723,0,80,0,1,,,,,3,1,,1,1
10,2010,,0,130,13025.534,0,80,0,1,,,,,,,150,1,1
10,2011,,0,133,13289.707,0,80,1,1,,,,,,,307,1,1
10,2012,,0,130,13144.446,0,80,1,1,,,,,,,157,1,1
64,2013,,0,133,13459.746,0,80,1,1,,,,,18,1,1011,1,1
64,2014,,0.76,139,14042.281,0,80,1,1,,,,,3,1,890,1,1
64,2015,,0.67,143,14518.837,0,80,1,1,,,,,123,1,2708,1,1
62,2007,22,2.22,641,2750.6151,0,81,0,0,1,Indonesia,61,1,18,1,,1,0
62,2008,3,14.68,679,2876.885,0,81,0,0,1,Indonesia,186,1,36,1,,1,0
62,2009,2,0.36,711,2970.0441,0,81,0,0,1,Indonesia,223,1,36,1,,1,0
62,2010,6,0,755,3113.4806,0,81,0,0,1,Indonesia,268,1,155,1,,1,0
62,2011,27,0,802,3262.7486,0,81,0,0,1,Indonesia,392,1,532,1,,1,0
62,2012,101,14.81,850,3415.3513,0,81,0,0,1,Indonesia,785,1,597,1,,1,0
62,2013,378,0,897,3560.1066,0,81,0,0,1,Indonesia,3080,1,393,1,,1,0
62,2007,4,12.5,1330,1130.0901,0,82,0,0,1,India,58,1,,1,,1,0
62,2008,3,10,1390,1156.9325,0,82,0,0,1,India,238,1,,1,,1,0
62,2009,4,10,1500,1237.3398,0,82,0,0,1,India,66,1,222,1,,1,0
62,2010,94,7,1660,1345.7702,1,82,0,0,1,India,434,1,468,1,,1,0
62,2011,131,10,1770,1416.4034,1,82,0,0,1,India,437,1,343,1,,1,0
62,2012,336,10,1860,1474.9677,1,82,0,0,1,India,1531,1,678,1,,1,0
62,2013,244,10,1980,1550.1422,1,82,0,0,1,India,1483,1,1082,1,,1,0
64,2007,,0,238,54036.849,0,83,0,1,,,,,69,1,,1,1
64,2008,,0,227,50630.751,0,83,0,1,,,,,94,1,,1,1
64,2009,,0,217,47831.121,0,83,0,1,,,,,30,1,,1,1
64,2010,,0,221,48538.588,0,83,0,1,,,,,9,1,,1,1
64,2011,,0,221,48342.508,0,83,1,1,,,,,180,1,,1,1
64,2012,,0,219,47704.043,0,83,1,1,,,,,167,1,,1,1
64,2013,,0,221,48108.701,0,83,1,1,,,,,224,1,70,1,1
64,2014,,0.76,240,51965.891,0,83,1,1,,,,,212,1,76,1,1
64,2015,,0.67,303,64784.095,0,83,1,1,,,,,157,1,95,1,1
61,2007,,0,14.548641,46695.213,0,86,0,0,,Iceland,59,1,,1,,1,0
61,2008,,0,14.769688,46531.305,0,86,0,0,,Iceland,61,1,,1,,1,0
61,2009,,0,13.744089,43152.692,0,86,0,0,,Iceland,183,1,26,1,,1,0
61,2010,,0,13.254818,41676.445,0,86,0,0,,Iceland,13,1,,1,,1,0
62,2015,25,0,15.157963,45820.061,0,86,0,0,1,Iceland,289,1,,1,17,1,0
62,2007,3,12,212,29562.742,0,87,0,0,1,Israel,172,1,8,1,,1,0
62,2008,2,12,219,29930.692,0,87,0,0,1,Israel,813,1,,1,,1,0
62,2009,33,12,222,29594.52,0,87,0,0,1,Israel,1104,1,194,1,,1,0
62,2011,22,2.18,246,31624.28,0,87,0,0,1,Israel,1566,1,411,1,,1,0
62,2012,80,4.67,251,31785.253,0,87,0,0,1,Israel,2398,1,942,1,,1,0
62,2013,60,6,262,32562.933,0,87,0,0,1,Israel,3126,1,1127,1,301,1,0
62,2014,92,6,271,32954.233,0,87,0,0,1,Israel,4926,1,1076,1,718,1,0
62,2015,235,6,278,33117.965,0,87,0,0,1,Israel,7072,1,1941,1,309,1,0
62,2007,303,0,2230,38236.797,0,88,0,1,1,Italy,15083,1,1257,1,,1,1
62,2008,1875,0,2210,37585.337,0,88,0,1,1,Italy,19550,1,4093,1,,1,1
62,2009,757,0,2090,35363.401,0,88,0,1,1,Italy,18913,1,5349,1,,1,1
62,2010,1424,0,2130,35849.374,0,88,0,1,1,Italy,36835,1,9709,1,624,1,1
62,2011,4413,0,2140,35994.135,0,88,1,1,1,Italy,56922,1,14570,1,2659,1,1
62,2012,7715,0,2080,34885.296,0,88,1,1,1,Italy,80323,1,11945,1,1762,1,1
62,2013,15741,0,2040,33887.298,0,88,1,1,1,Italy,102536,1,14910,1,7339,1,1
62,2014,17882,0,2040,33615.972,0,88,1,1,1,Italy,124041,1,13760,1,3816,1,1
62,2015,22563,0,2060,33911.934,0,88,1,1,1,Italy,130021,1,21850,1,12450,1,1
61,2007,,20,14.109982,5083.8228,0,89,0,0,,Jamaica,15,1,,1,,1,0
61,2011,,20,13.420329,4743.0155,0,89,0,0,,Jamaica,8,1,12,1,,1,0
62,2008,1,11,24.487316,3773.1877,0,90,0,0,1,Jordan,2,1,,1,,1,0
62,2009,24,21,25.828384,3786.5335,0,90,0,0,1,Jordan,,1,,1,,1,0
62,2010,106,10,26.425379,3679.1903,0,90,0,0,1,Jordan,,1,,1,,1,0
61,2011,,10,27.109038,3578.7778,0,90,0,0,,Jordan,296,1,,1,,1,0
61,2012,,17.5,27.827531,3481.6737,0,90,0,0,,Jordan,11,1,,1,,1,0
61,2013,,18.33,28.614831,3401.076,0,90,0,0,,Jordan,217,1,2,1,,1,0
61,2014,,20,29.50084,3348.8269,0,90,0,0,,Jordan,162,1,10,1,,1,0
61,2015,,20,30.206411,3297.8944,0,90,0,0,,Jordan,66,1,5,1,,1,0
62,2007,461,0,5850,45687.346,0,91,0,0,1,Japan,7440,1,22224,1,,1,0
62,2008,272,0,5780,45165.887,0,91,0,0,1,Japan,10707,1,17870,1,,1,0
62,2009,226,0,5470,42724.535,1,91,0,0,1,Japan,28239,1,18535,1,,1,0
62,2010,16097,0,5700,44507.676,1,91,0,0,1,Japan,43237,1,27425,1,,1,0
62,2011,30261,0,5690,44538.708,1,91,0,0,1,Japan,88533,1,27966,1,,1,0
62,2012,23396,0,5780,45276.829,1,91,0,0,1,Japan,107234,1,36366,1,,1,0
62,2013,33269,0,5890,46249.264,1,91,0,0,1,Japan,181449,1,46954,1,,1,0
62,2014,27857,0,5910,46466.123,1,91,0,0,1,Japan,249522,1,44958,1,2,1,0
62,2015,72366,0,5990,47082.689,1,91,0,0,1,Japan,352647,1,54499,1,,1,0
62,2008,6,5,136,8698.4237,0,92,0,0,1,Kazakhstan,479,1,,1,,1,0
62,2010,32,10,148,9070.65,0,92,0,0,1,Kazakhstan,452,1,27,1,,1,0
61,2011,,10.63,159,9603.5932,0,92,0,0,,Kazakhstan,461,1,12,1,,1,0
61,2008,,25,35.718103,912.37672,0,93,0,0,,Kenya,23,1,,1,,1,0
61,2010,,25,39.999659,967.34008,0,93,0,0,,Kenya,47,1,10,1,,1,0
61,2013,,25,46.990605,1048.2692,0,93,0,0,,Kenya,42,1,87,1,222,1,0
62,2007,77,8.16,992,20385.32,0,95,0,0,1,"Korea, Rep.",3672,1,155,1,,1,0
62,2008,165,12.2,1020,20803.501,0,95,0,0,1,"Korea, Rep.",3938,1,320,1,7,1,0
62,2009,66,3.46,1030,20843.135,0,95,0,0,1,"Korea, Rep.",4366,1,373,1,9,1,0
62,2010,358,1.75,1090,22086.953,1,95,0,0,1,"Korea, Rep.",12016,1,1126,1,,1,0
62,2011,312,1.26,1130,22724.706,1,95,0,0,1,"Korea, Rep.",32215,1,1788,1,14,1,0
62,2012,2459,0.26,1160,23123.761,1,95,0,0,1,"Korea, Rep.",45141,1,3387,1,5,1,0
62,2013,3456,0.23,1190,23685.407,1,95,0,0,1,"Korea, Rep.",53620,1,4093,1,,1,0
62,2014,3610,0,1230,24323.573,1,95,0,0,1,"Korea, Rep.",63082,1,6441,1,,1,0
62,2015,6996,0,1270,24870.771,1,95,0,0,1,"Korea, Rep.",69460,1,12351,1,8,1,0
62,2007,3,5,124,49588.764,0,96,0,0,1,Kuwait,15,1,,1,,1,0
62,2008,11,5,127,47965.009,0,96,0,0,1,Kuwait,38,1,,1,,1,0
61,2010,,5,115,38497.617,0,96,0,0,,Kuwait,8,1,5,1,,1,0
61,2011,,5,127,39652.171,0,96,0,0,,Kuwait,19,1,7,1,,1,0
61,2013,,5,136,37924.472,0,96,0,0,,Kuwait,201,1,52,1,,1,0
61,2014,,5,137,36259.392,0,96,0,0,,Kuwait,487,1,37,1,,1,0
62,2015,5,5,140,35490.294,0,96,0,0,1,Kuwait,200,1,36,1,37,1,0
62,2007,4,5,29.249088,7157.5508,0,98,0,0,1,Lebanon,20,1,,1,,1,0
62,2014,2,5,40.692371,7262.2426,0,98,0,0,1,Lebanon,201,1,21,1,,1,0
62,2015,1,5,41.221372,7044.6074,0,98,0,0,1,Lebanon,219,1,26,1,,1,0
62,2011,13,10,61.493395,3033.565,0,101,0,0,1,Sri Lanka,3,1,,1,,1,0
62,2012,12,9,67.116708,3286.0077,0,101,0,0,1,Sri Lanka,,1,,1,,1,0
62,2014,6,11.25,72.838327,3506.7318,0,101,0,0,1,Sri Lanka,133,1,44,1,,1,0
61,2013,,45,2.7616728,1304.2995,0,102,0,0,,Lesotho,3,1,,1,,1,0
64,2007,,0,41.775009,12928.26,0,103,0,1,,,,,32,1,,1,1
64,2010,,0,37.120518,11984.869,0,103,0,1,,,,,22,1,1628,1,1
64,2011,,0,39.366069,13000.19,0,103,1,1,,,,,22,1,1987,1,1
64,2012,,0,40.875719,13680.999,0,103,1,1,,,,,3,1,1428,1,1
10,2013,,0,42.309159,14304.803,0,103,1,1,,,,,,,1618,1,1
10,2014,,0,43.787871,14932.603,0,103,1,1,,,,,,,1387,1,1
64,2015,,0.67,44.566672,15341.843,0,103,1,1,,,,,3,1,1217,1,1
64,2009,,0,24.693152,11529.864,0,105,0,1,,,,,31,1,,1,1
64,2010,,0,23.757368,11326.219,0,105,0,1,,,,,78,1,248,1,1
64,2011,,0,25.273445,12270.396,0,105,1,1,,,,,74,1,1812,1,1
64,2012,,0,26.285714,12921.137,0,105,1,1,,,,,295,1,574,1,1
64,2013,,0,26.976124,13403.306,0,105,1,1,,,,,195,1,952,1,1
64,2014,,0.76,27.547996,13816.955,0,105,1,1,,,,,419,1,819,1,1
64,2015,,0.67,28.295133,14308.342,0,105,1,1,,,,,446,1,1327,1,1
61,2010,,0,28.123641,52374.794,0,106,0,0,,Macao,6,1,4,1,35,1,0
10,2011,,0,34.218782,62279.492,0,106,0,0,,Macao,,,,,288,1,0
10,2012,,0,37.379686,66449.113,0,106,0,0,,Macao,,,,,557,1,0
10,2013,,0,41.566236,72183.529,0,106,0,0,,Macao,,,,,273,1,0
10,2014,,0,41.066963,69749.131,0,106,0,0,,Macao,,,,,10,1,0
62,2015,2,0,32.222225,53619.526,0,106,0,0,1,Macao,,1,,1,,1,0
62,2007,2,50,81.318501,2566.2167,0,107,0,0,1,Morocco,1,1,,1,,1,0
61,2008,,40,86.135221,2686.2283,0,107,0,0,,Morocco,43,1,,1,,1,0
61,2011,,29.8,98.106615,2942.0388,0,107,0,0,,Morocco,78,1,,1,,1,0
61,2008,,12.12,5.7726961,1616.9528,0,108,0,0,,Moldova,7,1,,1,,1,0
61,2011,,11.79,6.2067931,1743.4881,0,108,0,0,,Moldova,1,1,,1,,1,0
61,2012,,11.87,6.1633456,1731.5108,0,108,0,0,,Moldova,19,1,,1,,1,0
61,2015,,11.69,7.0380843,1980.2674,0,108,0,0,,Moldova,2,1,,1,,1,0
10,2012,,0,9.1250471,408.34213,0,109,0,0,,,,,,,57,1,0
62,2014,46,20,9.6402324,408.66103,0,109,0,0,1,,,1,,1,,1,0
62,2007,502,35,1030,9253.3177,0,111,0,0,1,Mexico,9183,1,120,1,,1,0
62,2008,901,35,1050,9232.1973,0,111,0,0,1,Mexico,19422,1,706,1,,1,0
62,2009,440,30,1000,8657.836,0,111,0,0,1,Mexico,13326,1,1009,1,,1,0
62,2010,1161,30,1050,8959.5814,0,111,0,0,1,Mexico,25745,1,2533,1,,1,0
62,2011,742,28.06,1090,9183.3281,0,111,0,0,1,Mexico,39006,1,5238,1,,1,0
62,2012,1531,23.19,1140,9414.9061,0,111,0,0,1,Mexico,42927,1,3500,1,,1,0
62,2013,1401,21.8,1150,9409.9654,0,111,0,0,1,Mexico,33896,1,5079,1,,1,0
62,2014,1381,21.77,1180,9492.5509,0,111,0,0,1,Mexico,33312,1,5191,1,,1,0
61,2007,,25,8.660359,4192.9485,0,113,0,0,,"Macedonia, FYR",15,1,,1,,1,0
61,2014,,17.5,10.221724,4920.2161,0,113,0,0,,"Macedonia, FYR",8,1,,1,,1,0
64,2007,,0,8.3748344,20590.952,0,115,0,1,,,,,1,1,,1,1
64,2008,,0,8.6550993,21142.021,0,115,0,1,,,,,1,1,,1,1
64,2011,,0,8.863101,21291.814,0,115,1,1,,,,,57,1,,1,1
64,2012,,0,9.091901,21675.51,0,115,1,1,,,,,59,1,,1,1
64,2013,,0,9.5020459,22443.622,0,115,1,1,,,,,52,1,21,1,1
64,2015,,0.67,11.055577,25599.079,0,115,1,1,,,,,24,1,,1,1
61,2007,,5,6.2865669,2425.6818,0,117,0,0,,Mongolia,6,1,,1,,1,0
61,2011,,5,8.4325992,3053.6123,0,117,0,0,,Mongolia,5,1,77,1,,1,0
61,2013,,5,10.574805,3685.7478,0,117,0,0,,Mongolia,2,1,,1,,1,0
64,2015,,5,11.677574,3922.7599,0,117,0,0,,Mongolia,,,5,1,,1,0
61,2010,,0,10.003671,8000.3764,0,122,0,0,,Mauritius,11,1,,1,,1,0
61,2011,,0,10.411574,8313.2713,0,122,0,0,,Mauritius,4,1,,1,,1,0
61,2013,,0,11.137678,8848.887,0,122,0,0,,Mauritius,17,1,,1,,1,0
61,2015,,0,11.955532,9468.9407,0,122,0,0,,Mauritius,17,1,7,1,,1,0
62,2007,108,0,237,8889.6842,0,123,0,0,1,Malaysia,794,1,1,1,569,1,0
62,2008,109,0,245,9020.3997,0,123,0,0,1,Malaysia,1119,1,27,1,987,1,0
62,2009,62,0,238,8635.1167,0,123,0,0,1,Malaysia,1595,1,38,1,664,1,0
62,2010,23,0,255,9071.357,0,123,0,0,1,Malaysia,1279,1,139,1,822,1,0
62,2011,70,0,269,9377.1767,0,123,0,0,1,Malaysia,1625,1,637,1,12285,1,0
62,2012,439,0.05,283,9709.0115,0,123,0,0,1,Malaysia,9843,1,2068,1,21708,1,0
62,2013,219,0.03,297,9981.1546,0,123,0,0,1,Malaysia,24549,1,3426,1,45027,1,0
62,2014,832,0.03,314,10398.761,0,123,0,0,1,Malaysia,37246,1,4224,1,35068,1,0
10,2013,,0,13.161101,5681.4103,0,125,0,0,,,,,,,49,1,0
10,2014,,0,14.011151,5909.4046,0,125,0,0,,,,,,,52,1,0
10,2015,,0,14.753073,6082.3342,0,125,0,0,,,,,,,76,1,0
61,2008,,15,8.6742888,1550.5013,0,129,0,0,,Nicaragua,97,1,,1,,1,0
62,2009,145,15,8.3886735,1480.3765,0,129,0,0,1,Nicaragua,219,1,,1,,1,0
61,2010,,15,8.7586223,1526.4979,0,129,0,0,,Nicaragua,292,1,,1,,1,0
62,2011,10,15,9.311877,1603.3343,0,129,0,0,1,Nicaragua,466,1,,1,,1,0
61,2012,,14.8,9.9167892,1687.3587,0,129,0,0,,Nicaragua,114,1,,1,,1,0
61,2013,,14.8,10.405399,1750.0574,0,129,0,0,,Nicaragua,311,1,,1,,1,0
61,2014,,15,10.903345,1812.9947,0,129,0,0,,Nicaragua,331,1,,1,,1,0
61,2015,,15,11.43248,1879.713,0,129,0,0,,Nicaragua,337,1,,1,,1,0
64,2007,,0,843,51447.26,0,131,0,1,,,,,1811,1,,1,1
64,2008,,0,857,52118.093,0,131,0,1,,,,,1182,1,,1,1
64,2009,,0,825,49897.225,0,131,0,1,,,,,1826,1,,1,1
64,2010,,0,836,50338.255,0,131,0,1,,,,,5044,1,791,1,1
64,2011,,0,850,50937.553,0,131,1,1,,,,,10876,1,6443,1,1
64,2012,,0,841,50212.964,0,131,1,1,,,,,8365,1,11164,1,1
64,2013,,0,840,49969.85,0,131,1,1,,,,,13799,1,26596,1,1
64,2014,,0.76,852,50497.237,0,131,1,1,,,,,18735,1,18687,1,1
64,2015,,0.67,868,51255.12,0,131,1,1,,,,,28431,1,21064,1,1
62,2007,15,0,431,91594.179,0,132,0,0,1,Norway,5859,1,770,1,,1,0
62,2008,12,0,433,90807.337,0,132,0,0,1,Norway,8275,1,342,1,,1,0
62,2009,8,0,426,88214.417,0,132,0,0,1,Norway,5093,1,433,1,,1,0
62,2010,5,0,429,87646.753,0,132,0,0,1,Norway,8831,1,270,1,,1,0
62,2011,37,0,433,87355.312,0,132,0,0,1,Norway,12850,1,261,1,,1,0
62,2012,26,0,445,88585.36,0,132,0,0,1,Norway,12491,1,118,1,10,1,0
62,2013,13,0,449,88394.761,0,132,0,0,1,Norway,12888,1,461,1,19,1,0
62,2014,107,6.37,458,89080.616,0,132,0,0,1,Norway,12159,1,324,1,114,1,0
62,2015,184,6.37,465,89619.487,0,132,0,0,1,Norway,12539,1,628,1,16,1,0
61,2007,,20,13.764951,525.08225,0,133,0,0,,Nepal,4,1,,1,,1,0
61,2009,,20,15.267319,570.93079,0,133,0,0,,Nepal,4,1,,1,,1,0
61,2014,,20,19.139013,675.73529,0,133,0,0,,Nepal,23,1,,1,,1,0
64,2015,,20,19.660604,686.08355,0,133,0,0,,Nepal,,,10,1,,1,0
62,2007,9,0,146,34674.01,0,135,0,0,1,New Zealand,562,1,25,1,,1,0
62,2008,85,0,145,33996.077,0,135,0,0,1,New Zealand,542,1,2,1,,1,0
62,2011,62,0,150,34194.446,1,135,0,0,1,New Zealand,1510,1,286,1,42,1,0
62,2012,109,0,153,34771.294,1,135,0,0,1,New Zealand,827,1,433,1,155,1,0
62,2013,80,0,157,35350.444,1,135,0,0,1,New Zealand,1524,1,785,1,224,1,0
62,2014,51,0,162,36006.022,1,135,0,0,1,New Zealand,2514,1,813,1,333,1,0
62,2015,51,0,166,36191.485,1,135,0,0,1,New Zealand,3395,1,1165,1,566,1,0
64,2012,,5,63.404125,18300.329,0,136,0,0,,,,,29,1,,1,0
64,2013,,5,66.17699,17830.346,0,136,0,0,,,,,45,1,,1,0
64,2014,,5,67.858919,17132.089,0,136,0,0,,,,,61,1,,1,0
64,2015,,5,71.694782,17070.958,0,136,0,0,,,,,99,1,,1,0
61,2007,,25,167,1041.2894,0,137,0,0,,Pakistan,1,1,,1,,1,0
61,2008,,25,170,1037.5751,0,137,0,0,,Pakistan,3,1,,1,,1,0
62,2009,9,25,175,1045.2079,0,137,0,0,1,Pakistan,14,1,,1,,1,0
62,2010,3,25,177,1040.1423,0,137,0,0,1,Pakistan,151,1,,1,,1,0
62,2011,1,25,182,1046.4935,0,137,0,0,1,Pakistan,80,1,22,1,,1,0
62,2012,7,21,189,1060.5014,0,137,0,0,1,Pakistan,148,1,15,1,,1,0
62,2013,5,25,197,1083.967,0,137,0,0,1,Pakistan,157,1,,1,11,1,0
61,2014,,25,206,1111.196,0,137,0,0,,Pakistan,196,1,,1,,1,0
61,2015,,20,216,1140.0028,0,137,0,0,,Pakistan,311,1,19,1,,1,0
62,2007,24,12.18,24.77659,7173.7042,0,138,0,0,1,Panama,2589,1,352,1,,1,0
62,2008,35,10.79,26.910262,7653.0747,0,138,0,0,1,Panama,3169,1,973,1,,1,0
62,2009,5,11.85,27.340384,7638.291,0,138,0,0,1,Panama,3610,1,981,1,,1,0
62,2010,70,9.97,28.9172,7937.2599,0,138,0,0,1,Panama,4250,1,3830,1,,1,0
62,2011,99,10.35,32.331762,8719.9739,0,138,0,0,1,Panama,6904,1,5024,1,,1,0
62,2007,4,20,123,4362.949,0,139,0,0,1,Peru,176,1,,1,,1,0
62,2008,1,17,135,4703.0799,0,139,0,0,1,Peru,352,1,3,1,,1,0
62,2009,3,17,136,4695.6752,0,139,0,0,1,Peru,598,1,134,1,,1,0
62,2010,1,17,148,5022.4932,0,139,0,0,1,Peru,600,1,263,1,,1,0
62,2011,29,13,157,5270.9487,0,139,0,0,1,Peru,1087,1,1191,1,,1,0
62,2013,65,10.95,176,5765.8871,0,139,0,0,1,Peru,3585,1,1225,1,,1,0
62,2014,91,10.95,180,5823.9643,0,139,0,0,1,Peru,4883,1,711,1,,1,0
62,2007,8,5,176,1971.2818,0,140,0,0,1,Philippines,294,1,,1,,1,0
62,2008,63,0.38,183,2020.1505,0,140,0,0,1,Philippines,736,1,1,1,,1,0
62,2009,30,0,185,2010.7993,0,140,0,0,1,Philippines,497,1,14,1,504,1,0
62,2010,17,0,200,2129.4992,0,140,0,0,1,Philippines,572,1,47,1,,1,0
62,2011,37,0,207,2171.4923,0,140,0,0,1,Philippines,569,1,60,1,,1,0
62,2012,122,0,221,2278.6358,0,140,0,0,1,Philippines,1321,1,89,1,40,1,0
62,2013,143,0,236,2399.6073,0,140,0,0,1,Philippines,3630,1,127,1,,1,0
64,2009,,7.5,9.0236022,1298.8371,0,141,0,0,,Papua New Guinea,,,43,1,,1,0
64,2010,,7.5,9.7161034,1366.8791,0,141,0,0,,Papua New Guinea,,,23,1,,1,0
61,2012,,20,11.622379,1564.0743,0,141,0,0,,Papua New Guinea,3,1,36,1,,1,0
64,2013,,0,12.265958,1615.4585,0,141,0,0,,Papua New Guinea,,,35,1,,1,0
62,2007,68,0,432,11322.055,0,142,0,1,1,Poland,1217,1,60,1,,1,1
62,2008,5,0,450,11801.592,0,142,0,1,1,Poland,460,1,13,1,,1,1
62,2009,2,0,463,12126.203,0,142,0,1,1,Poland,713,1,23,1,,1,1
62,2010,6,0,479,12599.525,0,142,0,1,1,Poland,265,1,150,1,1570,1,1
62,2011,406,0,503,13224.482,0,142,1,1,1,Poland,51693,1,64,1,14347,1,1
62,2012,94,0,511,13436.984,0,142,1,1,1,Poland,55652,1,315,1,15913,1,1
62,2013,253,0,519,13632.094,0,142,1,1,1,Poland,73915,1,457,1,26556,1,1
62,2014,1776,0,536,14090.119,0,142,1,1,1,Poland,88036,1,753,1,21115,1,1
62,2015,2747,0,556,14641.568,0,142,1,1,1,Poland,82795,1,830,1,23477,1,1
61,2007,,0,241,22817.322,0,144,0,1,,Portugal,14,1,1,1,,1,1
61,2008,,0,241,22829.848,0,144,0,1,,Portugal,4,1,,1,,1,1
61,2009,,0,234,22128.845,0,144,0,1,,Portugal,30,1,,1,,1,1
62,2010,2,0,238,22538.654,0,144,0,1,1,Portugal,69,1,48,1,1830,1,1
62,2011,32,0,234,22159.475,0,144,1,1,1,Portugal,164,1,34,1,2464,1,1
61,2012,,0,225,21353.23,0,144,1,1,,Portugal,207,1,65,1,2285,1,1
62,2013,148,0,222,21228.089,0,144,1,1,1,Portugal,263,1,114,1,3894,1,1
61,2014,,0,224,21533.47,0,144,1,1,,Portugal,128,1,186,1,4285,1,1
61,2015,,0,228,21967.597,0,144,1,1,,Portugal,186,1,234,1,5430,1,1
61,2007,,21.5,17.340258,2906.4357,0,145,0,0,,Paraguay,37,1,1,1,,1,0
61,2008,,21.25,18.442945,3049.874,0,145,0,0,,Paraguay,38,1,,1,,1,0
61,2009,,20.63,17.711554,2890.3435,0,145,0,0,,Paraguay,125,1,178,1,,1,0
61,2010,,20,20.030528,3225.5918,0,145,0,0,,Paraguay,239,1,565,1,,1,0
61,2011,,20,20.900335,3320.7906,0,145,0,0,,Paraguay,327,1,810,1,,1,0
61,2012,,20,20.641387,3235.7231,0,145,0,0,,Paraguay,373,1,480,1,,1,0
61,2013,,21.05,23.538669,3640.522,0,145,0,0,,Paraguay,250,1,717,1,,1,0
62,2014,3,23.33,24.650243,3761.9118,0,145,0,0,1,Paraguay,620,1,183,1,,1,0
62,2015,11,22.27,25.380442,3822.8629,0,145,0,0,1,Paraguay,375,1,106,1,,1,0
62,2007,1,5,79.42183,66761.623,0,147,0,0,1,Qatar,52,1,,1,,1,0
62,2008,3,5,93.450549,67262.452,0,147,0,0,1,Qatar,30,1,,1,,1,0
61,2009,,5,105,65769.007,0,147,0,0,,Qatar,53,1,,1,,1,0
61,2010,,5,125,70306.228,0,147,0,0,,Qatar,14,1,3,1,,1,0
61,2013,,5,155,68899.485,0,147,0,0,,Qatar,7,1,,1,,1,0
64,2014,,5,161,67901.219,0,147,0,0,,Qatar,,,65,1,,1,0
61,2015,,5,167,67277.243,0,147,0,0,,Qatar,13,1,80,1,,1,0
62,2007,1,0,168,8045.5757,0,148,0,1,1,Romania,89,1,,1,,1,1
62,2008,3,0,182,8872.779,0,148,0,1,1,Romania,118,1,4,1,,1,1
62,2009,3,0,169,8314.7363,0,148,0,1,1,Romania,10,1,,1,,1,1
62,2010,5,0,168,8297.4836,0,148,0,1,1,Romania,102,1,7,1,,1,1
62,2011,7,0,170,8426.4747,0,148,1,1,1,Romania,110,1,24,1,2263,1,1
62,2012,5,0,171,8518.3229,0,148,1,1,1,Romania,749,1,8,1,5365,1,1
62,2013,26,0,177,8851.9647,0,148,1,1,1,Romania,748,1,,1,985,1,1
62,2014,102,0,182,9158.5193,0,148,1,1,1,Romania,827,1,27,1,695,1,1
62,2015,59,0,190,9564.0945,0,148,1,1,1,Romania,1293,1,85,1,3132,1,1
62,2007,165,19.81,1500,10532.326,0,149,0,0,1,Russian Federation,6405,1,8,1,,1,0
62,2008,129,19.78,1580,11089.93,0,149,0,0,1,Russian Federation,11500,1,52,1,,1,0
62,2009,93,19.72,1460,10219.521,0,149,0,0,1,Russian Federation,9012,1,43,1,,1,0
62,2010,639,10,1520,10674.988,0,149,0,0,1,Russian Federation,12362,1,343,1,799,1,0
62,2011,468,10,1590,11121.514,0,149,0,0,1,Russian Federation,23850,1,1071,1,12503,1,0
62,2012,456,10,1650,11493.402,0,149,0,0,1,Russian Federation,25446,1,3017,1,4716,1,0
62,2013,1703,10,1670,11615.696,0,149,0,0,1,Russian Federation,38783,1,3203,1,3399,1,0
62,2014,971,16.77,1680,11493.727,0,149,0,0,1,Russian Federation,35607,1,,1,5374,1,0
62,2015,533,15.39,1630,11144.597,0,149,0,0,1,Russian Federation,29173,1,2389,1,1767,1,0
62,2007,21,5,483,19136.159,0,150,0,0,1,Saudi Arabia,182,1,,1,,1,0
61,2008,,5,513,19792.72,0,150,0,0,,Saudi Arabia,635,1,5,1,,1,0
61,2009,,5,503,18861.11,0,150,0,0,,Saudi Arabia,470,1,92,1,,1,0
61,2011,,5,581,20575.498,0,150,0,0,,Saudi Arabia,751,1,190,1,,1,0
61,2012,,5,612,21056.347,0,150,0,0,,Saudi Arabia,370,1,35,1,,1,0
62,2013,4,5,629,21005.012,0,150,0,0,1,Saudi Arabia,674,1,267,1,,1,0
62,2014,4,5,652,21183.465,0,150,0,0,1,Saudi Arabia,189,1,47,1,,1,0
10,2012,,10,13.745879,1003.0917,0,152,0,0,,,,,,,611,1,0
10,2013,,10,14.224953,1007.4101,0,152,0,0,,,,,,,1483,1,0
10,2014,,10,14.838198,1020.0801,0,152,0,0,,,,,,,207,1,0
62,2007,132,0,203,44191.238,0,154,0,0,1,Singapore,1150,1,2,1,44,1,0
62,2008,101,0,206,42650.102,0,154,0,0,1,Singapore,1958,1,315,1,160,1,0
62,2009,133,0,205,41133.3,0,154,0,0,1,Singapore,2387,1,942,1,33,1,0
62,2010,116,0,236,46569.68,0,154,0,0,1,Singapore,3252,1,1792,1,336,1,0
62,2011,275,0,251,48447.681,0,154,0,0,1,Singapore,4903,1,4321,1,499,1,0
62,2012,4102,0,261,49103.709,0,154,0,0,1,Singapore,8634,1,2991,1,3063,1,0
62,2013,2738,0,274,50731.297,0,154,0,0,1,Singapore,13625,1,2433,1,2974,1,0
62,2014,639,0,284,51865.718,0,154,0,0,1,Singapore,16802,1,2827,1,2488,1,0
62,2015,834,0,289,52244.586,0,154,0,0,1,Singapore,17314,1,4047,1,4856,1,0
61,2010,,20,2.6166109,405.1284,0,156,0,0,,Sierra Leone,31,1,4,1,,1,0
64,2011,,15,2.7424748,414.79167,0,156,0,0,,Sierra Leone,,,28,1,,1,0
10,2012,,10,3.158831,466.8612,0,156,0,0,,Sierra Leone,,,,,131,1,0
62,2007,4,15,21.538873,3540.5542,0,157,0,0,1,El Salvador,66,1,,1,,1,0
61,2008,,15,21.813256,3569.9152,0,157,0,0,,El Salvador,11,1,,1,,1,0
61,2009,,15,21.129835,3442.8685,0,157,0,0,,El Salvador,27,1,35,1,,1,0
64,2010,,15,21.41833,3474.3924,0,157,0,0,,El Salvador,,,238,1,,1,0
61,2011,,14.71,21.893115,3535.39,0,157,0,0,,El Salvador,27,1,333,1,,1,0
61,2012,,15,22.304937,3585.2846,0,157,0,0,,El Salvador,49,1,202,1,,1,0
62,2013,2,15,22.716831,3634.2412,0,157,0,0,1,El Salvador,36,1,59,1,,1,0
62,2014,1,15,23.040654,3668.1994,0,157,0,0,1,El Salvador,46,1,135,1,,1,0
62,2015,3,15,23.570306,3733.9228,0,157,0,0,1,El Salvador,49,1,263,1,,1,0
61,2009,,20,4.1537005,7978.3883,0,161,0,0,,Suriname,4,1,22,1,,1,0
61,2010,,20,4.368398,8303.3133,0,161,0,0,,Suriname,1,1,10,1,,1,0
61,2007,,0,85.288825,15868.804,0,162,0,1,,Slovak Republic,1352,1,,1,,1,1
61,2008,,0,90.090398,16747.815,0,162,0,1,,Slovak Republic,1543,1,363,1,,1,1
61,2009,,0,85.205208,15818.564,0,162,0,1,,Slovak Republic,1187,1,111,1,,1,1
61,2010,,0,89.501013,16600.614,0,162,0,1,,Slovak Republic,1512,1,174,1,402,1,1
61,2011,,0,92.024136,17046.608,0,162,1,1,,Slovak Republic,4829,1,299,1,307,1,1
62,2012,28,0,93.549112,17299.629,0,162,1,1,1,Slovak Republic,2255,1,54,1,234,1,1
62,2013,213,0,94.943599,17538.649,0,162,1,1,1,Slovak Republic,5272,1,50,1,292,1,1
62,2014,36,0,97.384459,17972.092,0,162,1,1,1,Slovak Republic,7084,1,127,1,100,1,1
62,2015,313,0,101,18642.893,0,162,1,1,1,Slovak Republic,11546,1,152,1,72,1,1
61,2007,,0,49.794022,24673.445,0,163,0,1,,Slovenia,41,1,2,1,,1,1
62,2008,5,0,51.437289,25447.426,0,163,0,1,1,Slovenia,,1,,1,,1,1
64,2009,,0,47.426581,23252.097,0,163,0,1,,Slovenia,,,30,1,,1,1
61,2010,,0,48.013607,23437.472,0,163,0,1,,Slovenia,18,1,6,1,,1,1
61,2011,,0,48.325391,23540.715,0,163,1,1,,Slovenia,2,1,155,1,,1,1
61,2012,,0,47.025722,22859.546,0,163,1,1,,Slovenia,1,1,171,1,108,1,1
61,2013,,0,46.514588,22580.412,0,163,1,1,,Slovenia,250,1,160,1,149,1,1
61,2014,,0,47.959462,23258.936,0,163,1,1,,Slovenia,273,1,14,1,35,1,1
62,2015,35,0,49.070512,23779.876,0,163,1,1,1,Slovenia,335,1,82,1,394,1,1
62,2007,346,0,489,53421.02,0,164,0,1,1,Sweden,13934,1,335,1,,1,1
62,2008,40,0,486,52711.198,0,164,0,1,1,Sweden,13803,1,934,1,,1,1
62,2009,19,0,461,49554.343,0,164,0,1,1,Sweden,12373,1,931,1,,1,1
62,2010,27,0,488,52076.256,0,164,0,1,1,Sweden,18049,1,964,1,391,1,1
62,2011,96,0,501,53061.569,0,164,1,1,1,Sweden,24625,1,1856,1,1152,1,1
62,2012,1186,0,500,52519.68,0,164,1,1,1,Sweden,24715,1,909,1,1088,1,1
62,2013,2296,0,506,52722.912,0,164,1,1,1,Sweden,31143,1,924,1,2594,1,1
62,2014,3051,0,519,53561.892,0,164,1,1,1,Sweden,33042,1,814,1,3217,1,1
62,2015,2299,0,541,55163.45,0,164,1,1,1,Sweden,36266,1,2096,1,4104,1,1
62,2007,7,40,4.1763233,3668.4808,0,165,0,0,1,Swaziland,49,1,,1,,1,0
62,2008,1,35,4.2106387,3633.3157,0,165,0,0,1,Swaziland,307,1,39,1,,1,0
62,2009,1,40,4.2765372,3622.1121,0,165,0,0,1,Swaziland,292,1,29,1,,1,0
61,2010,,44.38,4.4387786,3690.2393,0,165,0,0,,Swaziland,117,1,127,1,,1,0
61,2011,,45,4.5385281,3704.1408,0,165,0,0,,Swaziland,820,1,15,1,,1,0
61,2013,,45,5.0794116,3994.9567,0,165,0,0,,Swaziland,93,1,15,1,141,1,0
61,2014,,45,5.2950893,4088.5658,0,165,0,0,,Swaziland,433,1,20,1,23,1,0
10,2012,,10,3.4883213,508.54004,0,168,0,0,,,,,,,82,1,0
10,2013,,10,3.6267306,514.94497,0,168,0,0,,,,,,,95,1,0
62,2007,26,29.67,314,4744.3332,0,169,0,0,1,Thailand,237,1,27,1,,1,0
62,2008,2,30.58,319,4800.8105,0,169,0,0,1,Thailand,304,1,19,1,,1,0
61,2009,,30,317,4743.6905,0,169,0,0,,Thailand,193,1,24,1,,1,0
62,2010,4,29.01,341,5075.3022,0,169,0,0,1,Thailand,543,1,40,1,,1,0
62,2011,6,31.11,344,5093.5805,0,169,0,0,1,Thailand,1730,1,104,1,,1,0
62,2013,454,29.48,379,5561.2915,0,169,0,0,1,Thailand,3725,1,731,1,632,1,0
62,2014,339,0,382,5589.6987,0,169,0,0,1,Thailand,5790,1,564,1,,1,0
62,2015,1846,8.68,394,5733.9214,0,169,0,0,1,Thailand,12030,1,2962,1,,1,0
61,2008,,43,41.299978,3968.3526,0,172,0,0,,Tunisia,6,1,,1,,1,0
61,2009,,36,42.556922,4044.6297,0,172,0,0,,Tunisia,9,1,,1,,1,0
62,2010,2,36,44.050929,4140.1518,0,172,0,0,1,Tunisia,,1,,1,,1,0
61,2011,,30,43.206395,4014.9168,0,172,0,0,,Tunisia,5,1,128,1,,1,0
62,2012,1,30,44.933642,4127.4008,0,172,0,0,1,Tunisia,3,1,6,1,,1,0
62,2013,1,30,46.225374,4196.7525,0,172,0,0,1,Tunisia,1,1,,1,,1,0
61,2015,,30,48.076708,4264.516,0,172,0,0,,Tunisia,12,1,,1,,1,0
62,2007,181,0,740,10637.721,0,173,0,0,1,Turkey,4872,1,64,1,,1,0
62,2008,816,0,747,10599.29,0,173,0,0,1,Turkey,6375,1,204,1,,1,0
62,2009,89,0,711,9973.3425,0,173,0,0,1,Turkey,3485,1,378,1,,1,0
62,2010,639,0,772,10672.057,0,173,0,0,1,Turkey,3171,1,424,1,,1,0
62,2011,490,0,858,11683.229,0,173,0,0,1,Turkey,7449,1,730,1,,1,0
62,2013,5204,0,975,12865.682,0,173,0,0,1,Turkey,19047,1,1763,1,,1,0
62,2015,3975,11.43,1090,13894.6,0,173,0,0,1,Turkey,17830,1,1960,1,,1,0
62,2007,833.957,11.34,392.02185,17105.717,0,174,0,0,1,Taiwan,3567.663,1,399.523,1,871.793,1,0
62,2008,1520.614,11.26,411.06004,17874.404,0,174,0,0,1,Taiwan,3348.544,1,1114.44,1,618.129,1,0
62,2009,2701.043,11.58,386.03324,16726.646,0,174,0,0,1,Taiwan,3722.24,1,1675.571,1,531.407,1,0
62,2010,3964.221,11.51,446.105,19278,0,174,0,0,1,Taiwan,7345.054,1,2439.517,1,464.882,1,0
64,2011,,0,497.30868,21441.536,0,174,0,0,,Taiwan,,,3482.205,1,,1,0
62,2012,9650.357,11.38,505.01818,21702.2,0,174,0,0,1,Taiwan,21855.489,1,5641.941,1,484.921,1,0
62,2013,6889.978,0,513.51966,21997.633,0,174,0,0,1,Taiwan,12757.341,1,,1,,1,0
62,2014,8281.507,11.52,523.61587,22373.043,0,174,0,0,1,Taiwan,13875.645,1,3848.974,1,547.074,1,0
62,2015,10465.771,11.59,501.91386,21391.709,0,174,0,0,1,Taiwan,26124.776,1,6797.084,1,823.127,1,0
64,2011,,25,22.084132,629.29143,0,175,0,0,,,,,166,1,,1,0
62,2007,13,12,150,3220.0136,0,176,0,0,1,Ukraine,1086,1,,1,,1,0
62,2008,512,12,153,3311.9584,0,176,0,0,1,Ukraine,2139,1,4,1,,1,0
62,2009,880,11.89,131,2834.3432,0,176,0,0,1,Ukraine,3285,1,24,1,,1,0
62,2010,24,11.75,136,2965.1424,0,176,0,0,1,Ukraine,5548,1,42,1,,1,0
62,2011,12,11.57,143,3138.4651,0,176,0,0,1,Ukraine,2979,1,97,1,,1,0
62,2012,4,11.68,144,3153.7392,0,176,0,0,1,Ukraine,1326,1,327,1,21,1,0
62,2013,48,11.59,144,3160.0837,0,176,0,0,1,Ukraine,2121,1,121,1,46,1,0
62,2014,55,11.32,134,3123.9156,0,176,0,0,1,Ukraine,1270,1,114,1,97,1,0
62,2015,64,11.5,121,2828.8854,0,176,0,0,1,Ukraine,1689,1,220,1,23,1,0
61,2007,,20,33.447079,10014.872,0,178,0,0,,Uruguay,245,1,,1,,1,0
62,2008,1,20,35.847289,10698.052,0,178,0,0,1,Uruguay,475,1,1,1,,1,0
62,2009,1,20,37.368467,11112.456,0,178,0,0,1,Uruguay,637,1,67,1,,1,0
62,2010,7,20,40.284482,11938.212,0,178,0,0,1,Uruguay,722,1,377,1,,1,0
62,2011,2,20,42.36402,12512.913,0,178,0,0,1,Uruguay,1707,1,710,1,,1,0
62,2012,5,20,43.862935,12913.104,0,178,0,0,1,Uruguay,965,1,494,1,,1,0
62,2013,12,20.77,45.897095,13467.438,0,178,0,0,1,Uruguay,1187,1,163,1,,1,0
62,2014,13,20,47.383607,13856.695,0,178,0,0,1,Uruguay,1763,1,275,1,,1,0
62,2015,24,20,47.559277,13859.407,0,178,0,0,1,Uruguay,1537,1,532,1,,1,0
62,2007,81301,10.5,15100,49979.534,0,179,0,0,1,United States,1782048,1,746,1,89,1,0
62,2008,56416,10.34,15000,49364.645,0,179,0,0,1,United States,1893164,1,3181,1,,1,0
62,2009,34179,10.35,14600,47575.609,0,179,0,0,1,United States,1484167,1,7724,1,,1,0
62,2010,48651,9.9,15000,48373.879,0,179,0,0,1,United States,1777202,1,16208,1,577,1,0
62,2011,70183,9.86,15200,48783.469,0,179,0,0,1,United States,1947240,1,26158,1,1714,1,0
62,2012,78540,10.34,15500,49497.586,0,179,0,0,1,United States,1727930,1,23046,1,1178,1,0
62,2013,95241,10.09,15800,49976.629,0,179,0,0,1,United States,1833743,1,36505,1,1198,1,0
62,2014,71722,10.63,16200,50782.521,0,179,0,0,1,United States,1753093,1,69743,1,2319,1,0
62,2015,76549,10.34,16600,51722.097,0,179,0,0,1,United States,1732027,1,118101,1,1699,1,0
62,2008,16,35,412,14652.178,0,182,0,0,1,Venezuela,153,1,108,1,,1,0
62,2009,1,35,399,13961.886,0,182,0,0,1,Venezuela,239,1,426,1,,1,0
61,2010,,33.5,393,13545.206,0,182,0,0,,Venezuela,14,1,181,1,,1,0
61,2011,,32,410,13902.452,0,182,0,0,,Venezuela,82,1,,1,,1,0
61,2012,,32,433,14473.47,0,182,0,0,,Venezuela,301,1,,1,,1,0
61,2013,,32,438,14462.358,0,182,0,0,,Venezuela,618,1,,1,,1,0
62,2007,6192,5,97.817394,1161.4716,0,183,0,0,1,Vietnam,135,1,432,1,2,1,0
62,2008,373,5,103,1214.2525,0,183,0,0,1,Vietnam,10,1,99,1,133,1,0
61,2009,,5,109,1266.3135,0,183,0,0,,Vietnam,125,1,174,1,754,1,0
62,2010,13,4.55,116,1333.5835,0,183,0,0,1,Vietnam,369,1,657,1,1199,1,0
62,2012,132,0,130,1459.6374,0,183,0,0,1,Vietnam,297,1,452,1,163,1,0
62,2013,226,0,137,1522.4859,0,183,0,0,1,Vietnam,280,1,379,1,49,1,0
62,2014,76,0,145,1596.3457,0,183,0,0,1,Vietnam,568,1,217,1,86,1,0
62,2015,751,0,155,1684.6915,0,183,0,0,1,Vietnam,992,1,1294,1,121,1,0
62,2007,32,37,359,7334.2415,0,186,0,0,1,South Africa,3947,1,111,1,,1,0
62,2008,100,37.59,370,7465.3912,0,186,0,0,1,South Africa,4791,1,383,1,,1,0
62,2009,46,38.42,364,7248.4393,0,186,0,0,1,South Africa,2593,1,841,1,,1,0
62,2010,68,41.21,375,7362.7614,0,186,0,0,1,South Africa,2859,1,1200,1,,1,0
62,2011,106,40.99,388,7494.3266,0,186,0,0,1,South Africa,2911,1,2043,1,,1,0
62,2012,198,41.49,396,7546.8139,0,186,0,0,1,South Africa,6636,1,2466,1,,1,0
62,2013,338,41.46,406,7617.8195,0,186,0,0,1,South Africa,5949,1,4333,1,159,1,0
62,2014,88,41.45,413,7627.8519,0,186,0,0,1,South Africa,4826,1,2493,1,125,1,0
62,2015,185,41.6,418,7605.3954,0,186,0,0,1,South Africa,9419,1,3482,1,43,1,0
