counterpartcountrycode,iso3_o,countrycode,iso3_d,Importer,Exporter,year,Trade,contig,comlang_off,comlang_ethno,comcol,col45,distance,POPex,POPim,GDPex,GDPim,gdpcap_o,gdpcap_d,area_o,area_d,FTA
193,AUS,213,ARG,Argentina,Australia,2015,267.974077,0,0,0,0,0,12044.574,23.78116989,43.41675568,1.33914E+12,5.83169E+11,56310.957,13431.878,7686848,2766889,0
223,BRA,213,ARG,Argentina,Brazil,2015,13099.98099,1,0,0,0,0,2391.846403,207.8475342,43.41675568,1.77472E+12,5.83169E+11,8538.5898,13431.878,8511920,2766889,1
156,CAN,213,ARG,Argentina,Canada,2015,461.750723,0,0,0,0,0,9391.460934,35.85177231,43.41675568,1.55054E+12,5.83169E+11,43248.531,13431.878,9976139,2766889,0
924,CHN,213,ARG,Argentina,"China, P.R.: Mainland",2015,11742.51819,0,0,0,0,0,19110.12721,1371.219971,43.41675568,1.10077E+13,5.83169E+11,8027.6836,13431.878,9572378,2766889,0
132,FRA,213,ARG,Argentina,France,2015,1450.262887,0,0,0,0,0,10932.34073,66.80838776,43.41675568,2.41884E+12,5.83169E+11,36205.566,13431.878,547026,2766889,0
112,GBR,213,ARG,Argentina,United Kingdom,2015,558.49275,0,0,0,0,0,11136.96247,65.13822937,43.41675568,2.858E+12,5.83169E+11,43875.973,13431.878,244110,2766889,0
536,IDN,213,ARG,Argentina,Indonesia,2015,314.323418,0,0,0,0,0,15581.88412,257.5638123,43.41675568,8.61934E+11,5.83169E+11,3346.4871,13431.878,1933658,2766889,0
534,IND,213,ARG,Argentina,India,2015,724.292049,0,0,0,0,0,15676.28505,1311.050537,43.41675568,2.0954E+12,5.83169E+11,1598.259,13431.878,3287590,2766889,0
136,ITA,213,ARG,Argentina,Italy,2015,1370.062562,0,0,0,0,0,11214.0102,60.80208588,43.41675568,1.8215E+12,5.83169E+11,29957.805,13431.878,301323,2766889,0
158,JPN,213,ARG,Argentina,Japan,2015,1223.229975,0,0,0,0,0,18310.16163,126.9584732,43.41675568,4.12326E+12,5.83169E+11,32477.215,13431.878,377801,2766889,0
542,KOR,213,ARG,Argentina,"Korea, Rep. of",2015,1069.556374,0,0,0,0,0,19146.65149,50.61704636,43.41675568,1.37787E+12,5.83169E+11,27221.525,13431.878,99484,2766889,0
273,MEX,213,ARG,Argentina,Mexico,2015,1822.172957,0,1,1,0,0,7533.985981,127.0172272,43.41675568,1.14379E+12,5.83169E+11,9005.0234,13431.878,1967210,2766889,0
548,MYS,213,ARG,Argentina,Malaysia,2015,354.411303,0,0,0,0,0,16333.0348,30.331007,43.41675568,2.96283E+11,5.83169E+11,9768.3262,13431.878,329758,2766889,0
566,PHL,213,ARG,Argentina,Philippines,2015,92.839631,0,0,0,0,0,17783.10581,100.6993942,43.41675568,2.92451E+11,5.83169E+11,2904.2021,13431.878,300000,2766889,0
456,SAU,213,ARG,Argentina,Saudi Arabia,2015,176.505696,0,0,0,0,0,12674.51273,31.54037285,43.41675568,6.46002E+11,5.83169E+11,20481.744,13431.878,2153168,2766889,0
578,THA,213,ARG,Argentina,Thailand,2015,813.48764,0,0,0,0,0,17137.09458,67.95935822,43.41675568,3.95168E+11,5.83169E+11,5814.77,13431.878,513115,2766889,0
186,TUR,213,ARG,Argentina,Turkey,2015,186.326522,0,0,0,0,0,12474.37663,78.66583252,43.41675568,7.1788E+11,5.83169E+11,9125.6875,13431.878,780576,2766889,0
111,USA,213,ARG,Argentina,United States,2015,7700.490978,0,0,1,0,0,8678.352272,321.4188232,43.41675568,1.80366E+13,5.83169E+11,56115.719,13431.878,9529106,2766889,0
213,ARG,193,AUS,Australia,Argentina,2015,656.235929,0,0,0,0,0,12044.57413,43.41675568,23.78116989,5.83169E+11,1.33914E+12,13431.878,56310.957,2766889,7686848,0
223,BRA,193,AUS,Australia,Brazil,2015,512.682668,0,0,0,0,0,14046.74815,207.8475342,23.78116989,1.77472E+12,1.33914E+12,8538.5898,56310.957,8511920,7686848,0
156,CAN,193,AUS,Australia,Canada,2015,1774.958921,0,1,1,0,0,15391.07347,35.85177231,23.78116989,1.55054E+12,1.33914E+12,43248.531,56310.957,9976139,7686848,0
924,CHN,193,AUS,Australia,"China, P.R.: Mainland",2015,49030.09994,0,0,0,0,0,8345.109561,1371.219971,23.78116989,1.10077E+13,1.33914E+12,8027.6836,56310.957,9572378,7686848,0
132,FRA,193,AUS,Australia,France,2015,3469.358751,0,0,0,0,0,16513.02101,66.80838776,23.78116989,2.41884E+12,1.33914E+12,36205.566,56310.957,547026,7686848,0
112,GBR,193,AUS,Australia,United Kingdom,2015,5646.979502,0,1,1,0,0,16602.27078,65.13822937,23.78116989,2.858E+12,1.33914E+12,43875.973,56310.957,244110,7686848,0
536,IDN,193,AUS,Australia,Indonesia,2015,4497.047526,0,0,0,0,0,5077.672238,257.5638123,23.78116989,8.61934E+11,1.33914E+12,3346.4871,56310.957,1933658,7686848,1
534,IND,193,AUS,Australia,India,2015,3796.091135,0,1,1,0,0,9548.676721,1311.050537,23.78116989,2.0954E+12,1.33914E+12,1598.259,56310.957,3287590,7686848,0
136,ITA,193,AUS,Australia,Italy,2015,4614.472493,0,0,0,0,0,15855.40695,60.80208588,23.78116989,1.8215E+12,1.33914E+12,29957.805,56310.957,301323,7686848,0
158,JPN,193,AUS,Australia,Japan,2015,15701.67823,0,0,0,0,0,7827.07902,126.9584732,23.78116989,4.12326E+12,1.33914E+12,32477.215,56310.957,377801,7686848,1
542,KOR,193,AUS,Australia,"Korea, Rep. of",2015,11652.18915,0,0,1,0,0,8112.907162,50.61704636,23.78116989,1.37787E+12,1.33914E+12,27221.525,56310.957,99484,7686848,1
273,MEX,193,AUS,Australia,Mexico,2015,1961.131396,0,0,0,0,0,13430.11281,127.0172272,23.78116989,1.14379E+12,1.33914E+12,9005.0234,56310.957,1967210,7686848,0
548,MYS,193,AUS,Australia,Malaysia,2015,7874.06338,0,0,0,0,0,6084.200318,30.331007,23.78116989,2.96283E+11,1.33914E+12,9768.3262,56310.957,329758,7686848,1
566,PHL,193,AUS,Australia,Philippines,2015,590.648737,0,1,1,0,0,5896.923408,100.6993942,23.78116989,2.92451E+11,1.33914E+12,2904.2021,56310.957,300000,7686848,1
456,SAU,193,AUS,Australia,Saudi Arabia,2015,345.819255,0,0,0,0,0,12516.48244,31.54037285,23.78116989,6.46002E+11,1.33914E+12,20481.744,56310.957,2153168,7686848,0
578,THA,193,AUS,Australia,Thailand,2015,10782.61624,0,0,0,0,0,7152.192062,67.95935822,23.78116989,3.95168E+11,1.33914E+12,5814.77,56310.957,513115,7686848,1
186,TUR,193,AUS,Australia,Turkey,2015,653.870925,0,0,0,0,0,14180.87597,78.66583252,23.78116989,7.1788E+11,1.33914E+12,9125.6875,56310.957,780576,7686848,0
111,USA,193,AUS,Australia,United States,2015,23933.05633,0,1,1,0,0,14802.03204,321.4188232,23.78116989,1.80366E+13,1.33914E+12,56115.719,56310.957,9529106,7686848,1
213,ARG,223,BRA,Brazil,Argentina,2015,10901.22946,1,0,0,0,0,2391.846414,43.41675568,207.8475342,5.83169E+11,1.77472E+12,13431.878,8538.5898,2766889,8511920,1
193,AUS,223,BRA,Brazil,Australia,2015,1116.05214,0,0,0,0,0,14046.74841,23.78116989,207.8475342,1.33914E+12,1.77472E+12,56310.957,8538.5898,7686848,8511920,0
156,CAN,223,BRA,Brazil,Canada,2015,2567.540752,0,0,0,0,0,8458.686051,35.85177231,207.8475342,1.55054E+12,1.77472E+12,43248.531,8538.5898,9976139,8511920,0
924,CHN,223,BRA,Brazil,"China, P.R.: Mainland",2015,32562.21735,0,0,0,0,0,17235.77801,1371.219971,207.8475342,1.10077E+13,1.77472E+12,8027.6836,8538.5898,9572378,8511920,0
132,FRA,223,BRA,Brazil,France,2015,4731.292745,0,0,0,0,0,8681.179781,66.80838776,207.8475342,2.41884E+12,1.77472E+12,36205.566,8538.5898,547026,8511920,0
112,GBR,223,BRA,Brazil,United Kingdom,2015,2967.524467,0,0,0,0,0,8931.504756,65.13822937,207.8475342,2.858E+12,1.77472E+12,43875.973,8538.5898,244110,8511920,0
536,IDN,223,BRA,Brazil,Indonesia,2015,1457.408591,0,0,0,0,0,16024.36553,257.5638123,207.8475342,8.61934E+11,1.77472E+12,3346.4871,8538.5898,1933658,8511920,0
534,IND,223,BRA,Brazil,India,2015,4546.884064,0,0,0,0,0,13949.71503,1311.050537,207.8475342,2.0954E+12,1.77472E+12,1598.259,8538.5898,3287590,8511920,0
136,ITA,223,BRA,Brazil,Italy,2015,4966.053862,0,0,0,0,0,8940.465192,60.80208588,207.8475342,1.8215E+12,1.77472E+12,29957.805,8538.5898,301323,8511920,0
158,JPN,223,BRA,Brazil,Japan,2015,5169.811623,0,0,0,0,0,17981.97952,126.9584732,207.8475342,4.12326E+12,1.77472E+12,32477.215,8538.5898,377801,8511920,0
542,KOR,223,BRA,Brazil,"Korea, Rep. of",2015,5745.552901,0,0,0,0,0,17793.03903,50.61704636,207.8475342,1.37787E+12,1.77472E+12,27221.525,8538.5898,99484,8511920,0
273,MEX,223,BRA,Brazil,Mexico,2015,4640.45592,0,0,0,0,0,7621.778569,127.0172272,207.8475342,1.14379E+12,1.77472E+12,9005.0234,8538.5898,1967210,8511920,0
548,MYS,223,BRA,Brazil,Malaysia,2015,1629.523494,0,0,0,0,0,16193.41857,30.331007,207.8475342,2.96283E+11,1.77472E+12,9768.3262,8538.5898,329758,8511920,0
566,PHL,223,BRA,Brazil,Philippines,2015,269.751487,0,0,0,0,0,18221.51373,100.6993942,207.8475342,2.92451E+11,1.77472E+12,2904.2021,8538.5898,300000,8511920,0
456,SAU,223,BRA,Brazil,Saudi Arabia,2015,2020.954205,0,0,0,0,0,10659.19144,31.54037285,207.8475342,6.46002E+11,1.77472E+12,20481.744,8538.5898,2153168,8511920,0
578,THA,223,BRA,Brazil,Thailand,2015,1773.636287,0,0,0,0,0,16232.15477,67.95935822,207.8475342,3.95168E+11,1.77472E+12,5814.77,8538.5898,513115,8511920,0
186,TUR,223,BRA,Brazil,Turkey,2015,600.796281,0,0,0,0,0,10224.84109,78.66583252,207.8475342,7.1788E+11,1.77472E+12,9125.6875,8538.5898,780576,8511920,0
111,USA,223,BRA,Brazil,United States,2015,28365.35206,0,0,0,0,0,8088.513716,321.4188232,207.8475342,1.80366E+13,1.77472E+12,56115.719,8538.5898,9529106,8511920,0
213,ARG,156,CAN,Canada,Argentina,2015,1534.375403,0,0,0,0,0,9391.46105,43.41675568,35.85177231,5.83169E+11,1.55054E+12,13431.878,43248.531,2766889,9976139,0
193,AUS,156,CAN,Canada,Australia,2015,1393.842259,0,1,1,0,0,15391.07357,23.78116989,35.85177231,1.33914E+12,1.55054E+12,56310.957,43248.531,7686848,9976139,0
223,BRA,156,CAN,Canada,Brazil,2015,3095.020709,0,0,0,0,0,8458.686125,207.8475342,35.85177231,1.77472E+12,1.55054E+12,8538.5898,43248.531,8511920,9976139,0
924,CHN,156,CAN,Canada,"China, P.R.: Mainland",2015,54329.22734,0,0,0,0,0,10428.39631,1371.219971,35.85177231,1.10077E+13,1.55054E+12,8027.6836,43248.531,9572378,9976139,0
132,FRA,156,CAN,Canada,France,2015,5636.84573,0,1,1,0,0,6454.268805,66.80838776,35.85177231,2.41884E+12,1.55054E+12,36205.566,43248.531,547026,9976139,0
112,GBR,156,CAN,Canada,United Kingdom,2015,7624.757941,0,1,1,0,0,5849.772325,65.13822937,35.85177231,2.858E+12,1.55054E+12,43875.973,43248.531,244110,9976139,0
536,IDN,156,CAN,Canada,Indonesia,2015,1386.062451,0,0,0,0,0,14951.84537,257.5638123,35.85177231,8.61934E+11,1.55054E+12,3346.4871,43248.531,1933658,9976139,0
534,IND,156,CAN,Canada,India,2015,3273.116912,0,1,1,0,0,12051.13982,1311.050537,35.85177231,2.0954E+12,1.55054E+12,1598.259,43248.531,3287590,9976139,0
136,ITA,156,CAN,Canada,Italy,2015,6110.32463,0,0,0,0,0,7269.782826,60.80208588,35.85177231,1.8215E+12,1.55054E+12,29957.805,43248.531,301323,9976139,0
158,JPN,156,CAN,Canada,Japan,2015,12263.7747,0,0,0,0,0,9756.433689,126.9584732,35.85177231,4.12326E+12,1.55054E+12,32477.215,43248.531,377801,9976139,0
542,KOR,156,CAN,Canada,"Korea, Rep. of",2015,6541.944298,0,0,1,0,0,10032.81315,50.61704636,35.85177231,1.37787E+12,1.55054E+12,27221.525,43248.531,99484,9976139,0
273,MEX,156,CAN,Canada,Mexico,2015,25833.32536,0,0,0,0,0,3442.775065,127.0172272,35.85177231,1.14379E+12,1.55054E+12,9005.0234,43248.531,1967210,9976139,1
548,MYS,156,CAN,Canada,Malaysia,2015,2189.210908,0,0,0,0,0,14119.46654,30.331007,35.85177231,2.96283E+11,1.55054E+12,9768.3262,43248.531,329758,9976139,0
566,PHL,156,CAN,Canada,Philippines,2015,1179.380332,0,1,1,0,0,12630.1846,100.6993942,35.85177231,2.92451E+11,1.55054E+12,2904.2021,43248.531,300000,9976139,0
456,SAU,156,CAN,Canada,Saudi Arabia,2015,1709.776363,0,0,0,0,0,10634.35505,31.54037285,35.85177231,6.46002E+11,1.55054E+12,20481.744,43248.531,2153168,9976139,0
578,THA,156,CAN,Canada,Thailand,2015,2578.960891,0,0,0,0,0,13088.89985,67.95935822,35.85177231,3.95168E+11,1.55054E+12,5814.77,43248.531,513115,9976139,0
186,TUR,156,CAN,Canada,Turkey,2015,1074.574286,0,0,0,0,0,8625.863372,78.66583252,35.85177231,7.1788E+11,1.55054E+12,9125.6875,43248.531,780576,9976139,0
111,USA,156,CAN,Canada,United States,2015,236520.495,1,1,1,0,0,2079.296719,321.4188232,35.85177231,1.80366E+13,1.55054E+12,56115.719,43248.531,9529106,9976139,1
213,ARG,924,CHN,"China, P.R.: Mainland",Argentina,2015,5714.096881,0,0,0,0,0,19110.12767,43.41675568,1371.219971,5.83169E+11,1.10077E+13,13431.878,8027.6836,2766889,9572378,0
193,AUS,924,CHN,"China, P.R.: Mainland",Australia,2015,65141.3819,0,0,0,0,0,8345.109613,23.78116989,1371.219971,1.33914E+12,1.10077E+13,56310.957,8027.6836,7686848,9572378,0
223,BRA,924,CHN,"China, P.R.: Mainland",Brazil,2015,44380.36952,0,0,0,0,0,17235.77803,207.8475342,1371.219971,1.77472E+12,1.10077E+13,8538.5898,8027.6836,8511920,9572378,0
156,CAN,924,CHN,"China, P.R.: Mainland",Canada,2015,18549.1535,0,0,0,0,0,10428.39631,35.85177231,1371.219971,1.55054E+12,1.10077E+13,43248.531,8027.6836,9976139,9572378,0
132,FRA,924,CHN,"China, P.R.: Mainland",France,2015,24974.48309,0,0,0,0,0,8742.564965,66.80838776,1371.219971,2.41884E+12,1.10077E+13,36205.566,8027.6836,547026,9572378,0
112,GBR,924,CHN,"China, P.R.: Mainland",United Kingdom,2015,18880.71876,0,0,0,0,0,8539.149645,65.13822937,1371.219971,2.858E+12,1.10077E+13,43875.973,8027.6836,244110,9572378,0
536,IDN,924,CHN,"China, P.R.: Mainland",Indonesia,2015,19815.49345,0,0,0,0,0,4684.441357,257.5638123,1371.219971,8.61934E+11,1.10077E+13,3346.4871,8027.6836,1933658,9572378,1
534,IND,924,CHN,"China, P.R.: Mainland",India,2015,13394.90278,1,0,0,0,0,4204.047473,1311.050537,1371.219971,2.0954E+12,1.10077E+13,1598.259,8027.6836,3287590,9572378,0
136,ITA,924,CHN,"China, P.R.: Mainland",Italy,2015,16784.7289,0,0,0,0,0,8466.925586,60.80208588,1371.219971,1.8215E+12,1.10077E+13,29957.805,8027.6836,301323,9572378,0
158,JPN,924,CHN,"China, P.R.: Mainland",Japan,2015,142715.6633,0,0,0,0,0,1974.96813,126.9584732,1371.219971,4.12326E+12,1.10077E+13,32477.215,8027.6836,377801,9572378,0
542,KOR,924,CHN,"China, P.R.: Mainland","Korea, Rep. of",2015,174288.626,0,0,0,0,0,1168.1649,50.61704636,1371.219971,1.37787E+12,1.10077E+13,27221.525,8027.6836,99484,9572378,0
273,MEX,924,CHN,"China, P.R.: Mainland",Mexico,2015,10086.10601,0,0,0,0,0,12411.54753,127.0172272,1371.219971,1.14379E+12,1.10077E+13,9005.0234,8027.6836,1967210,9572378,0
548,MYS,924,CHN,"China, P.R.: Mainland",Malaysia,2015,53226.89804,0,1,1,0,0,3879.039546,30.331007,1371.219971,2.96283E+11,1.10077E+13,9768.3262,8027.6836,329758,9572378,1
566,PHL,924,CHN,"China, P.R.: Mainland",Philippines,2015,19022.14178,0,0,0,0,0,2613.129415,100.6993942,1371.219971,2.92451E+11,1.10077E+13,2904.2021,8027.6836,300000,9572378,1
456,SAU,924,CHN,"China, P.R.: Mainland",Saudi Arabia,2015,30155.46415,0,0,0,0,0,7093.231721,31.54037285,1371.219971,6.46002E+11,1.10077E+13,20481.744,8027.6836,2153168,9572378,0
578,THA,924,CHN,"China, P.R.: Mainland",Thailand,2015,37212.70903,0,0,0,0,0,2986.221803,67.95935822,1371.219971,3.95168E+11,1.10077E+13,5814.77,8027.6836,513115,9572378,1
186,TUR,924,CHN,"China, P.R.: Mainland",Turkey,2015,2953.899282,0,0,0,0,0,7230.205246,78.66583252,1371.219971,7.1788E+11,1.10077E+13,9125.6875,8027.6836,780576,9572378,0
111,USA,924,CHN,"China, P.R.: Mainland",United States,2015,144867.0844,0,0,0,0,0,11183.42812,321.4188232,1371.219971,1.80366E+13,1.10077E+13,56115.719,8027.6836,9529106,9572378,0
213,ARG,132,FRA,France,Argentina,2015,379.270283,0,0,0,0,0,10932.34095,43.41675568,66.80838776,5.83169E+11,2.41884E+12,13431.878,36205.566,2766889,547026,0
193,AUS,132,FRA,France,Australia,2015,862.563504,0,0,0,0,0,16513.02064,23.78116989,66.80838776,1.33914E+12,2.41884E+12,56310.957,36205.566,7686848,547026,0
223,BRA,132,FRA,France,Brazil,2015,2737.161447,0,0,0,0,0,8681.179855,207.8475342,66.80838776,1.77472E+12,2.41884E+12,8538.5898,36205.566,8511920,547026,0
156,CAN,132,FRA,France,Canada,2015,2441.283521,0,1,1,0,0,6454.268784,35.85177231,66.80838776,1.55054E+12,2.41884E+12,43248.531,36205.566,9976139,547026,0
924,CHN,132,FRA,France,"China, P.R.: Mainland",2015,30681.10354,0,0,0,0,0,8742.564916,1371.219971,66.80838776,1.10077E+13,2.41884E+12,8027.6836,36205.566,9572378,547026,0
112,GBR,132,FRA,France,United Kingdom,2015,25889.36336,0,0,0,0,0,749.6503182,65.13822937,66.80838776,2.858E+12,2.41884E+12,43875.973,36205.566,244110,547026,1
536,IDN,132,FRA,France,Indonesia,2015,1202.975756,0,0,0,0,0,11576.69775,257.5638123,66.80838776,8.61934E+11,2.41884E+12,3346.4871,36205.566,1933658,547026,0
534,IND,132,FRA,France,India,2015,4835.360758,0,0,0,0,0,7073.011449,1311.050537,66.80838776,2.0954E+12,2.41884E+12,1598.259,36205.566,3287590,547026,0
136,ITA,132,FRA,France,Italy,2015,43964.03898,1,0,0,0,0,891.5286086,60.80208588,66.80838776,1.8215E+12,2.41884E+12,29957.805,36205.566,301323,547026,1
158,JPN,132,FRA,France,Japan,2015,4892.706983,0,0,0,0,0,9803.116036,126.9584732,66.80838776,4.12326E+12,2.41884E+12,32477.215,36205.566,377801,547026,0
542,KOR,132,FRA,France,"Korea, Rep. of",2015,2606.415407,0,0,0,0,0,9225.81539,50.61704636,66.80838776,1.37787E+12,2.41884E+12,27221.525,36205.566,99484,547026,1
273,MEX,132,FRA,France,Mexico,2015,2104.232457,0,0,0,0,0,9276.132916,127.0172272,66.80838776,1.14379E+12,2.41884E+12,9005.0234,36205.566,1967210,547026,1
548,MYS,132,FRA,France,Malaysia,2015,1611.234403,0,0,0,0,0,10553.11847,30.331007,66.80838776,2.96283E+11,2.41884E+12,9768.3262,36205.566,329758,547026,0
566,PHL,132,FRA,France,Philippines,2015,492.947224,0,0,0,0,0,10992.8737,100.6993942,66.80838776,2.92451E+11,2.41884E+12,2904.2021,36205.566,300000,547026,0
456,SAU,132,FRA,France,Saudi Arabia,2015,5475.195794,0,0,0,0,0,4410.786327,31.54037285,66.80838776,6.46002E+11,2.41884E+12,20481.744,36205.566,2153168,547026,0
578,THA,132,FRA,France,Thailand,2015,1864.839091,0,0,0,0,0,9475.635205,67.95935822,66.80838776,3.95168E+11,2.41884E+12,5814.77,36205.566,513115,547026,0
186,TUR,132,FRA,France,Turkey,2015,6322.340918,0,0,0,0,0,2477.965077,78.66583252,66.80838776,7.1788E+11,2.41884E+12,9125.6875,36205.566,780576,547026,1
111,USA,132,FRA,France,United States,2015,31467.54599,0,0,0,0,0,7456.767311,321.4188232,66.80838776,1.80366E+13,2.41884E+12,56115.719,36205.566,9529106,547026,0
213,ARG,112,GBR,United Kingdom,Argentina,2015,870.857394,0,0,0,0,0,11136.96279,43.41675568,65.13822937,5.83169E+11,2.858E+12,13431.878,43875.973,2766889,244110,0
193,AUS,112,GBR,United Kingdom,Australia,2015,3036.998357,0,1,1,0,0,16602.27103,23.78116989,65.13822937,1.33914E+12,2.858E+12,56310.957,43875.973,7686848,244110,0
223,BRA,112,GBR,United Kingdom,Brazil,2015,3742.237126,0,0,0,0,0,8931.504633,207.8475342,65.13822937,1.77472E+12,2.858E+12,8538.5898,43875.973,8511920,244110,0
156,CAN,112,GBR,United Kingdom,Canada,2015,13317.7487,0,1,1,0,0,5849.772228,35.85177231,65.13822937,1.55054E+12,2.858E+12,43248.531,43875.973,9976139,244110,0
924,CHN,112,GBR,United Kingdom,"China, P.R.: Mainland",2015,61226.96285,0,0,0,0,0,8539.149639,1371.219971,65.13822937,1.10077E+13,2.858E+12,8027.6836,43875.973,9572378,244110,0
132,FRA,112,GBR,United Kingdom,France,2015,35702.80123,0,0,0,0,0,749.6503282,66.80838776,65.13822937,2.41884E+12,2.858E+12,36205.566,43875.973,547026,244110,1
536,IDN,112,GBR,United Kingdom,Indonesia,2015,1671.214967,0,0,0,0,0,11766.46359,257.5638123,65.13822937,8.61934E+11,2.858E+12,3346.4871,43875.973,1933658,244110,0
534,IND,112,GBR,United Kingdom,India,2015,8783.070273,0,1,1,0,1,7324.150141,1311.050537,65.13822937,2.0954E+12,2.858E+12,1598.259,43875.973,3287590,244110,0
136,ITA,112,GBR,United Kingdom,Italy,2015,24062.76466,0,0,0,0,0,1487.006192,60.80208588,65.13822937,1.8215E+12,2.858E+12,29957.805,43875.973,301323,244110,1
158,JPN,112,GBR,United Kingdom,Japan,2015,9533.946874,0,0,0,0,0,9436.248468,126.9584732,65.13822937,4.12326E+12,2.858E+12,32477.215,43875.973,377801,244110,0
542,KOR,112,GBR,United Kingdom,"Korea, Rep. of",2015,6273.727422,0,0,1,0,0,8931.778389,50.61704636,65.13822937,1.37787E+12,2.858E+12,27221.525,43875.973,99484,244110,1
273,MEX,112,GBR,United Kingdom,Mexico,2015,2020.984131,0,0,0,0,0,8734.488409,127.0172272,65.13822937,1.14379E+12,2.858E+12,9005.0234,43875.973,1967210,244110,1
548,MYS,112,GBR,United Kingdom,Malaysia,2015,5748.236164,0,0,0,0,1,10714.88815,30.331007,65.13822937,2.96283E+11,2.858E+12,9768.3262,43875.973,329758,244110,0
566,PHL,112,GBR,United Kingdom,Philippines,2015,633.842799,0,1,1,0,0,10905.85216,100.6993942,65.13822937,2.92451E+11,2.858E+12,2904.2021,43875.973,300000,244110,0
456,SAU,112,GBR,United Kingdom,Saudi Arabia,2015,2405.155371,0,0,0,0,0,4938.794831,31.54037285,65.13822937,6.46002E+11,2.858E+12,20481.744,43875.973,2153168,244110,0
578,THA,112,GBR,United Kingdom,Thailand,2015,3583.451095,0,0,0,0,0,9590.160513,67.95935822,65.13822937,3.95168E+11,2.858E+12,5814.77,43875.973,513115,244110,0
186,TUR,112,GBR,United Kingdom,Turkey,2015,10583.47858,0,0,0,0,0,2915.582688,78.66583252,65.13822937,7.1788E+11,2.858E+12,9125.6875,43875.973,780576,244110,1
111,USA,112,GBR,United Kingdom,United States,2015,57575.88856,0,1,1,0,0,6878.493567,321.4188232,65.13822937,1.80366E+13,2.858E+12,56115.719,43875.973,9529106,244110,0
213,ARG,536,IDN,Indonesia,Argentina,2015,1298.349716,0,0,0,0,0,15581.88409,43.41675568,257.5638123,5.83169E+11,8.61934E+11,13431.878,3346.4871,2766889,1933658,0
193,AUS,536,IDN,Indonesia,Australia,2015,4815.794517,0,0,0,0,0,5077.672189,23.78116989,257.5638123,1.33914E+12,8.61934E+11,56310.957,3346.4871,7686848,1933658,1
223,BRA,536,IDN,Indonesia,Brazil,2015,2425.426649,0,0,0,0,0,16024.36555,207.8475342,257.5638123,1.77472E+12,8.61934E+11,8538.5898,3346.4871,8511920,1933658,0
156,CAN,536,IDN,Indonesia,Canada,2015,1609.251588,0,0,0,0,0,14951.84511,35.85177231,257.5638123,1.55054E+12,8.61934E+11,43248.531,3346.4871,9976139,1933658,0
924,CHN,536,IDN,Indonesia,"China, P.R.: Mainland",2015,29410.88714,0,0,0,0,0,4684.441339,1371.219971,257.5638123,1.10077E+13,8.61934E+11,8027.6836,3346.4871,9572378,1933658,1
132,FRA,536,IDN,Indonesia,France,2015,1337.703195,0,0,0,0,0,11576.6979,66.80838776,257.5638123,2.41884E+12,8.61934E+11,36205.566,3346.4871,547026,1933658,0
112,GBR,536,IDN,Indonesia,United Kingdom,2015,819.15691,0,0,0,0,0,11766.46358,65.13822937,257.5638123,2.858E+12,8.61934E+11,43875.973,3346.4871,244110,1933658,0
534,IND,536,IDN,Indonesia,India,2015,2741.418281,0,0,0,0,0,4574.944111,1311.050537,257.5638123,2.0954E+12,8.61934E+11,1598.259,3346.4871,3287590,1933658,1
136,ITA,536,IDN,Indonesia,Italy,2015,1368.242455,0,0,0,0,0,10902.42901,60.80208588,257.5638123,1.8215E+12,8.61934E+11,29957.805,3346.4871,301323,1933658,0
158,JPN,536,IDN,Indonesia,Japan,2015,13263.52325,0,0,0,0,0,5481.533656,126.9584732,257.5638123,4.12326E+12,8.61934E+11,32477.215,3346.4871,377801,1933658,1
542,KOR,536,IDN,Indonesia,"Korea, Rep. of",2015,8427.20594,0,0,0,0,0,5081.576069,50.61704636,257.5638123,1.37787E+12,8.61934E+11,27221.525,3346.4871,99484,1933658,1
273,MEX,536,IDN,Indonesia,Mexico,2015,197.558524,0,0,0,0,0,16272.35542,127.0172272,257.5638123,1.14379E+12,8.61934E+11,9005.0234,3346.4871,1967210,1933658,0
548,MYS,536,IDN,Indonesia,Malaysia,2015,8530.667553,1,0,1,0,0,1306.63576,30.331007,257.5638123,2.96283E+11,8.61934E+11,9768.3262,3346.4871,329758,1933658,1
566,PHL,536,IDN,Indonesia,Philippines,2015,683.083232,0,0,0,0,0,2609.464866,100.6993942,257.5638123,2.92451E+11,8.61934E+11,2904.2021,3346.4871,300000,1933658,1
456,SAU,536,IDN,Indonesia,Saudi Arabia,2015,3421.631533,0,0,0,0,0,7735.640476,31.54037285,257.5638123,6.46002E+11,8.61934E+11,20481.744,3346.4871,2153168,1933658,0
578,THA,536,IDN,Indonesia,Thailand,2015,8083.368324,0,0,0,0,0,2305.686166,67.95935822,257.5638123,3.95168E+11,8.61934E+11,5814.77,3346.4871,513115,1933658,1
186,TUR,536,IDN,Indonesia,Turkey,2015,249.821102,0,0,0,0,0,9213.941658,78.66583252,257.5638123,7.1788E+11,8.61934E+11,9125.6875,3346.4871,780576,1933658,0
111,USA,536,IDN,Indonesia,United States,2015,7616.760788,0,0,0,0,0,15535.87314,321.4188232,257.5638123,1.80366E+13,8.61934E+11,56115.719,3346.4871,9529106,1933658,0
213,ARG,534,IND,India,Argentina,2015,2215.066636,0,0,0,0,0,15676.28452,43.41675568,1311.050537,5.83169E+11,2.0954E+12,13431.878,1598.259,2766889,3287590,0
193,AUS,534,IND,India,Australia,2015,9467.951285,0,1,1,0,0,9548.676641,23.78116989,1311.050537,1.33914E+12,2.0954E+12,56310.957,1598.259,7686848,3287590,0
223,BRA,534,IND,India,Brazil,2015,4134.249815,0,0,0,0,0,13949.71505,207.8475342,1311.050537,1.77472E+12,2.0954E+12,8538.5898,1598.259,8511920,3287590,0
156,CAN,534,IND,India,Canada,2015,3878.497546,0,1,1,0,0,12051.13991,35.85177231,1311.050537,1.55054E+12,2.0954E+12,43248.531,1598.259,9976139,3287590,0
924,CHN,534,IND,India,"China, P.R.: Mainland",2015,61592.81561,1,0,0,0,0,4204.047516,1371.219971,1311.050537,1.10077E+13,2.0954E+12,8027.6836,1598.259,9572378,3287590,0
132,FRA,534,IND,India,France,2015,3439.660243,0,0,0,0,0,7073.011296,66.80838776,1311.050537,2.41884E+12,2.0954E+12,36205.566,1598.259,547026,3287590,0
112,GBR,534,IND,India,United Kingdom,2015,5384.147223,0,1,1,0,1,7324.150239,65.13822937,1311.050537,2.858E+12,2.0954E+12,43875.973,1598.259,244110,3287590,0
536,IDN,534,IND,India,Indonesia,2015,13883.3123,0,0,0,0,0,4574.944099,257.5638123,1311.050537,8.61934E+11,2.0954E+12,3346.4871,1598.259,1933658,3287590,1
136,ITA,534,IND,India,Italy,2015,4113.886049,0,0,0,0,0,6388.825975,60.80208588,1311.050537,1.8215E+12,2.0954E+12,29957.805,1598.259,301323,3287590,0
158,JPN,534,IND,India,Japan,2015,9638.082948,0,0,0,0,0,6003.253278,126.9584732,1311.050537,4.12326E+12,2.0954E+12,32477.215,1598.259,377801,3287590,1
542,KOR,534,IND,India,"Korea, Rep. of",2015,13113.09106,0,0,1,0,0,5108.000527,50.61704636,1311.050537,1.37787E+12,2.0954E+12,27221.525,1598.259,99484,3287590,1
273,MEX,534,IND,India,Mexico,2015,2732.354992,0,0,0,0,0,15076.03789,127.0172272,1311.050537,1.14379E+12,2.0954E+12,9005.0234,1598.259,1967210,3287590,0
548,MYS,534,IND,India,Malaysia,2015,9563.191185,0,0,0,1,0,3610.290147,30.331007,1311.050537,2.96283E+11,2.0954E+12,9768.3262,1598.259,329758,3287590,1
566,PHL,534,IND,India,Philippines,2015,519.202999,0,1,1,0,0,4843.750338,100.6993942,1311.050537,2.92451E+11,2.0954E+12,2904.2021,1598.259,300000,3287590,1
456,SAU,534,IND,India,Saudi Arabia,2015,21258.68885,0,0,0,0,0,3509.22896,31.54037285,1311.050537,6.46002E+11,2.0954E+12,20481.744,1598.259,2153168,3287590,0
578,THA,534,IND,India,Thailand,2015,5659.777036,0,0,0,0,0,2716.948804,67.95935822,1311.050537,3.95168E+11,2.0954E+12,5814.77,1598.259,513115,3287590,1
186,TUR,534,IND,India,Turkey,2015,997.003923,0,0,0,0,0,4708.481234,78.66583252,1311.050537,7.1788E+11,2.0954E+12,9125.6875,1598.259,780576,3287590,0
111,USA,534,IND,India,United States,2015,20701.164,0,1,1,0,0,13131.9145,321.4188232,1311.050537,1.80366E+13,2.0954E+12,56115.719,1598.259,9529106,3287590,0
213,ARG,136,ITA,Italy,Argentina,2015,944.630694,0,0,0,0,0,11214.0101,43.41675568,60.80208588,5.83169E+11,1.8215E+12,13431.878,29957.805,2766889,301323,0
193,AUS,136,ITA,Italy,Australia,2015,559.189871,0,0,0,0,0,15855.40677,23.78116989,60.80208588,1.33914E+12,1.8215E+12,56310.957,29957.805,7686848,301323,0
223,BRA,136,ITA,Italy,Brazil,2015,3551.558731,0,0,0,0,0,8940.465229,207.8475342,60.80208588,1.77472E+12,1.8215E+12,8538.5898,29957.805,8511920,301323,0
156,CAN,136,ITA,Italy,Canada,2015,1620.439304,0,0,0,0,0,7269.782882,35.85177231,60.80208588,1.55054E+12,1.8215E+12,43248.531,29957.805,9976139,301323,0
924,CHN,136,ITA,Italy,"China, P.R.: Mainland",2015,31367.91323,0,0,0,0,0,8466.925475,1371.219971,60.80208588,1.10077E+13,1.8215E+12,8027.6836,29957.805,9572378,301323,0
132,FRA,136,ITA,Italy,France,2015,35674.06294,1,0,0,0,0,891.5285933,66.80838776,60.80208588,2.41884E+12,1.8215E+12,36205.566,29957.805,547026,301323,1
112,GBR,136,ITA,Italy,United Kingdom,2015,12061.00293,0,0,0,0,0,1487.006172,65.13822937,60.80208588,2.858E+12,1.8215E+12,43875.973,29957.805,244110,301323,1
536,IDN,136,ITA,Italy,Indonesia,2015,2212.621679,0,0,0,0,0,10902.42881,257.5638123,60.80208588,8.61934E+11,1.8215E+12,3346.4871,29957.805,1933658,301323,0
534,IND,136,ITA,Italy,India,2015,4439.66225,0,0,0,0,0,6388.826024,1311.050537,60.80208588,2.0954E+12,1.8215E+12,1598.259,29957.805,3287590,301323,0
158,JPN,136,ITA,Italy,Japan,2015,3459.829209,0,0,0,0,0,9710.689528,126.9584732,60.80208588,4.12326E+12,1.8215E+12,32477.215,29957.805,377801,301323,0
542,KOR,136,ITA,Italy,"Korea, Rep. of",2015,3546.134196,0,0,0,0,0,9047.517057,50.61704636,60.80208588,1.37787E+12,1.8215E+12,27221.525,29957.805,99484,301323,1
273,MEX,136,ITA,Italy,Mexico,2015,1402.338016,0,0,0,0,0,10108.34875,127.0172272,60.80208588,1.14379E+12,1.8215E+12,9005.0234,29957.805,1967210,301323,1
548,MYS,136,ITA,Italy,Malaysia,2015,988.528793,0,0,0,0,0,9907.098999,30.331007,60.80208588,2.96283E+11,1.8215E+12,9768.3262,29957.805,329758,301323,0
566,PHL,136,ITA,Italy,Philippines,2015,270.421094,0,0,0,0,0,10559.37815,100.6993942,60.80208588,2.92451E+11,1.8215E+12,2904.2021,29957.805,300000,301323,0
456,SAU,136,ITA,Italy,Saudi Arabia,2015,3717.648638,0,0,0,0,0,3586.059523,31.54037285,60.80208588,6.46002E+11,1.8215E+12,20481.744,29957.805,2153168,301323,0
578,THA,136,ITA,Italy,Thailand,2015,1350.41149,0,0,0,0,0,8875.156112,67.95935822,60.80208588,3.95168E+11,1.8215E+12,5814.77,29957.805,513115,301323,0
186,TUR,136,ITA,Italy,Turkey,2015,7368.53216,0,0,0,0,0,1727.240382,78.66583252,60.80208588,7.1788E+11,1.8215E+12,9125.6875,29957.805,780576,301323,1
111,USA,136,ITA,Italy,United States,2015,15750.36671,0,0,0,0,0,8284.005678,321.4188232,60.80208588,1.80366E+13,1.8215E+12,56115.719,29957.805,9529106,301323,0
213,ARG,158,JPN,Japan,Argentina,2015,789.522886,0,0,0,0,0,18310.16121,43.41675568,126.9584732,5.83169E+11,4.12326E+12,13431.878,32477.215,2766889,377801,0
193,AUS,158,JPN,Japan,Australia,2015,34817.35626,0,0,0,0,0,7827.079066,23.78116989,126.9584732,1.33914E+12,4.12326E+12,56310.957,32477.215,7686848,377801,1
223,BRA,158,JPN,Japan,Brazil,2015,7520.740965,0,0,0,0,0,17981.9796,207.8475342,126.9584732,1.77472E+12,4.12326E+12,8538.5898,32477.215,8511920,377801,0
156,CAN,158,JPN,Japan,Canada,2015,9164.264723,0,0,0,0,0,9756.433726,35.85177231,126.9584732,1.55054E+12,4.12326E+12,43248.531,32477.215,9976139,377801,0
924,CHN,158,JPN,Japan,"China, P.R.: Mainland",2015,160598.4169,0,0,0,0,0,1974.968162,1371.219971,126.9584732,1.10077E+13,4.12326E+12,8027.6836,32477.215,9572378,377801,0
132,FRA,158,JPN,Japan,France,2015,9479.976624,0,0,0,0,0,9803.116146,66.80838776,126.9584732,2.41884E+12,4.12326E+12,36205.566,32477.215,547026,377801,0
112,GBR,158,JPN,Japan,United Kingdom,2015,6511.506377,0,0,0,0,0,9436.248185,65.13822937,126.9584732,2.858E+12,4.12326E+12,43875.973,32477.215,244110,377801,0
536,IDN,158,JPN,Japan,Indonesia,2015,19762.61087,0,0,0,0,0,5481.533576,257.5638123,126.9584732,8.61934E+11,4.12326E+12,3346.4871,32477.215,1933658,377801,1
534,IND,158,JPN,Japan,India,2015,4867.375536,0,0,0,0,0,6003.253339,1311.050537,126.9584732,2.0954E+12,4.12326E+12,1598.259,32477.215,3287590,377801,1
136,ITA,158,JPN,Japan,Italy,2015,7522.871878,0,0,0,0,0,9710.689467,60.80208588,126.9584732,1.8215E+12,4.12326E+12,29957.805,32477.215,301323,377801,0
542,KOR,158,JPN,Japan,"Korea, Rep. of",2015,26811.91289,0,0,0,0,1,951.7372714,50.61704636,126.9584732,1.37787E+12,4.12326E+12,27221.525,32477.215,99484,377801,0
273,MEX,158,JPN,Japan,Mexico,2015,4747.837779,0,0,0,0,0,11098.8749,127.0172272,126.9584732,1.14379E+12,4.12326E+12,9005.0234,32477.215,1967210,377801,1
548,MYS,158,JPN,Japan,Malaysia,2015,21529.33101,0,0,0,0,0,4967.820594,30.331007,126.9584732,2.96283E+11,4.12326E+12,9768.3262,32477.215,329758,377801,1
566,PHL,158,JPN,Japan,Philippines,2015,8878.559273,0,0,0,0,0,2956.596222,100.6993942,126.9584732,2.92451E+11,4.12326E+12,2904.2021,32477.215,300000,377801,1
456,SAU,158,JPN,Japan,Saudi Arabia,2015,25066.65966,0,0,0,0,0,8853.633677,31.54037285,126.9584732,6.46002E+11,4.12326E+12,20481.744,32477.215,2153168,377801,0
578,THA,158,JPN,Japan,Thailand,2015,20421.82121,0,0,0,0,0,4417.599396,67.95935822,126.9584732,3.95168E+11,4.12326E+12,5814.77,32477.215,513115,377801,1
186,TUR,158,JPN,Japan,Turkey,2015,627.629039,0,0,0,0,0,8718.032066,78.66583252,126.9584732,7.1788E+11,4.12326E+12,9125.6875,32477.215,780576,377801,0
111,USA,158,JPN,Japan,United States,2015,68322.43648,0,0,0,0,0,10286.19427,321.4188232,126.9584732,1.80366E+13,4.12326E+12,56115.719,32477.215,9529106,377801,0
213,ARG,542,KOR,"Korea, Rep. of",Argentina,2015,698.864638,0,0,0,0,0,19146.65183,43.41675568,50.61704636,5.83169E+11,1.37787E+12,13431.878,27221.525,2766889,99484,0
193,AUS,542,KOR,"Korea, Rep. of",Australia,2015,16437.80623,0,0,1,0,0,8112.907054,23.78116989,50.61704636,1.33914E+12,1.37787E+12,56310.957,27221.525,7686848,99484,1
223,BRA,542,KOR,"Korea, Rep. of",Brazil,2015,4058.697642,0,0,0,0,0,17793.03909,207.8475342,50.61704636,1.77472E+12,1.37787E+12,8538.5898,27221.525,8511920,99484,0
156,CAN,542,KOR,"Korea, Rep. of",Canada,2015,3983.082289,0,0,1,0,0,10032.81323,35.85177231,50.61704636,1.55054E+12,1.37787E+12,43248.531,27221.525,9976139,99484,0
924,CHN,542,KOR,"Korea, Rep. of","China, P.R.: Mainland",2015,90250.27491,0,0,0,0,0,1168.164889,1371.219971,50.61704636,1.10077E+13,1.37787E+12,8027.6836,27221.525,9572378,99484,0
132,FRA,542,KOR,"Korea, Rep. of",France,2015,6162.208598,0,0,0,0,0,9225.81534,66.80838776,50.61704636,2.41884E+12,1.37787E+12,36205.566,27221.525,547026,99484,1
112,GBR,542,KOR,"Korea, Rep. of",United Kingdom,2015,6127.207263,0,0,1,0,0,8931.778469,65.13822937,50.61704636,2.858E+12,1.37787E+12,43875.973,27221.525,244110,99484,1
536,IDN,542,KOR,"Korea, Rep. of",Indonesia,2015,8850.394036,0,0,0,0,0,5081.576042,257.5638123,50.61704636,8.61934E+11,1.37787E+12,3346.4871,27221.525,1933658,99484,1
534,IND,542,KOR,"Korea, Rep. of",India,2015,4240.565466,0,0,1,0,0,5108.000561,1311.050537,50.61704636,2.0954E+12,1.37787E+12,1598.259,27221.525,3287590,99484,1
136,ITA,542,KOR,"Korea, Rep. of",Italy,2015,5824.906668,0,0,0,0,0,9047.517051,60.80208588,50.61704636,1.8215E+12,1.37787E+12,29957.805,27221.525,301323,99484,1
158,JPN,542,KOR,"Korea, Rep. of",Japan,2015,45853.834,0,0,0,0,1,951.7372745,126.9584732,50.61704636,4.12326E+12,1.37787E+12,32477.215,27221.525,377801,99484,0
273,MEX,542,KOR,"Korea, Rep. of",Mexico,2015,3464.245017,0,0,0,0,0,11711.4249,127.0172272,50.61704636,1.14379E+12,1.37787E+12,9005.0234,27221.525,1967210,99484,0
548,MYS,542,KOR,"Korea, Rep. of",Malaysia,2015,8609.437441,0,0,0,0,0,4418.149496,30.331007,50.61704636,2.96283E+11,1.37787E+12,9768.3262,27221.525,329758,99484,1
566,PHL,542,KOR,"Korea, Rep. of",Philippines,2015,3251.633772,0,0,1,0,0,2669.686776,100.6993942,50.61704636,2.92451E+11,1.37787E+12,2904.2021,27221.525,300000,99484,1
456,SAU,542,KOR,"Korea, Rep. of",Saudi Arabia,2015,19561.48651,0,0,0,0,0,7964.911598,31.54037285,50.61704636,6.46002E+11,1.37787E+12,20481.744,27221.525,2153168,99484,0
578,THA,542,KOR,"Korea, Rep. of",Thailand,2015,4854.349892,0,0,0,0,0,3699.12819,67.95935822,50.61704636,3.95168E+11,1.37787E+12,5814.77,27221.525,513115,99484,1
186,TUR,542,KOR,"Korea, Rep. of",Turkey,2015,789.554867,0,0,0,0,0,7937.728548,78.66583252,50.61704636,7.1788E+11,1.37787E+12,9125.6875,27221.525,780576,99484,1
111,USA,542,KOR,"Korea, Rep. of",United States,2015,44211.62809,0,0,1,0,0,10682.86434,321.4188232,50.61704636,1.80366E+13,1.37787E+12,56115.719,27221.525,9529106,99484,1
213,ARG,273,MEX,Mexico,Argentina,2015,1120.35534,0,1,1,0,0,7533.985819,43.41675568,127.0172272,5.83169E+11,1.14379E+12,13431.878,9005.0234,2766889,1967210,0
193,AUS,273,MEX,Mexico,Australia,2015,634.7227,0,0,0,0,0,13430.11267,23.78116989,127.0172272,1.33914E+12,1.14379E+12,56310.957,9005.0234,7686848,1967210,0
223,BRA,273,MEX,Mexico,Brazil,2015,4899.45356,0,0,0,0,0,7621.77847,207.8475342,127.0172272,1.77472E+12,1.14379E+12,8538.5898,9005.0234,8511920,1967210,0
156,CAN,273,MEX,Mexico,Canada,2015,10544.8429,0,0,0,0,0,3442.775113,35.85177231,127.0172272,1.55054E+12,1.14379E+12,43248.531,9005.0234,9976139,1967210,1
924,CHN,273,MEX,Mexico,"China, P.R.: Mainland",2015,74187.4178,0,0,0,0,0,12411.54743,1371.219971,127.0172272,1.10077E+13,1.14379E+12,8027.6836,9005.0234,9572378,1967210,0
132,FRA,273,MEX,Mexico,France,2015,3950.20024,0,0,0,0,0,9276.132854,66.80838776,127.0172272,2.41884E+12,1.14379E+12,36205.566,9005.0234,547026,1967210,1
112,GBR,273,MEX,Mexico,United Kingdom,2015,2485.46362,0,0,0,0,0,8734.488679,65.13822937,127.0172272,2.858E+12,1.14379E+12,43875.973,9005.0234,244110,1967210,1
536,IDN,273,MEX,Mexico,Indonesia,2015,1406.73448,0,0,0,0,0,16272.35556,257.5638123,127.0172272,8.61934E+11,1.14379E+12,3346.4871,9005.0234,1933658,1967210,0
534,IND,273,MEX,Mexico,India,2015,4310.89598,0,0,0,0,0,15076.03801,1311.050537,127.0172272,2.0954E+12,1.14379E+12,1598.259,9005.0234,3287590,1967210,0
136,ITA,273,MEX,Mexico,Italy,2015,5365.38186,0,0,0,0,0,10108.34867,60.80208588,127.0172272,1.8215E+12,1.14379E+12,29957.805,9005.0234,301323,1967210,1
158,JPN,273,MEX,Mexico,Japan,2015,18410.36514,0,0,0,0,0,11098.87478,126.9584732,127.0172272,4.12326E+12,1.14379E+12,32477.215,9005.0234,377801,1967210,1
542,KOR,273,MEX,Mexico,"Korea, Rep. of",2015,15496.01174,0,0,0,0,0,11711.4247,50.61704636,127.0172272,1.37787E+12,1.14379E+12,27221.525,9005.0234,99484,1967210,0
548,MYS,273,MEX,Mexico,Malaysia,2015,7910.9549,0,0,0,0,0,16024.15437,30.331007,127.0172272,2.96283E+11,1.14379E+12,9768.3262,9005.0234,329758,1967210,0
566,PHL,273,MEX,Mexico,Philippines,2015,2112.7019,0,0,0,0,0,13878.61591,100.6993942,127.0172272,2.92451E+11,1.14379E+12,2904.2021,9005.0234,300000,1967210,0
456,SAU,273,MEX,Mexico,Saudi Arabia,2015,20.11032,0,0,0,0,0,13615.72715,31.54037285,127.0172272,6.46002E+11,1.14379E+12,20481.744,9005.0234,2153168,1967210,0
578,THA,273,MEX,Mexico,Thailand,2015,5255.427,0,0,0,0,0,15363.91211,67.95935822,127.0172272,3.95168E+11,1.14379E+12,5814.77,9005.0234,513115,1967210,0
186,TUR,273,MEX,Mexico,Turkey,2015,708.48386,0,0,0,0,0,11613.60798,78.66583252,127.0172272,7.1788E+11,1.14379E+12,9125.6875,9005.0234,780576,1967210,0
111,USA,273,MEX,Mexico,United States,2015,198011.0973,1,0,1,0,0,2468.404835,321.4188232,127.0172272,1.80366E+13,1.14379E+12,56115.719,9005.0234,9529106,1967210,1
213,ARG,548,MYS,Malaysia,Argentina,2015,1105.257265,0,0,0,0,0,16333.03492,43.41675568,30.331007,5.83169E+11,2.96283E+11,13431.878,9768.3262,2766889,329758,0
193,AUS,548,MYS,Malaysia,Australia,2015,4501.10906,0,0,0,0,0,6084.200278,23.78116989,30.331007,1.33914E+12,2.96283E+11,56310.957,9768.3262,7686848,329758,1
223,BRA,548,MYS,Malaysia,Brazil,2015,1721.592842,0,0,0,0,0,16193.41869,207.8475342,30.331007,1.77472E+12,2.96283E+11,8538.5898,9768.3262,8511920,329758,0
156,CAN,548,MYS,Malaysia,Canada,2015,702.619606,0,0,0,0,0,14119.46637,35.85177231,30.331007,1.55054E+12,2.96283E+11,43248.531,9768.3262,9976139,329758,0
924,CHN,548,MYS,Malaysia,"China, P.R.: Mainland",2015,33155.162,0,1,1,0,0,3879.039539,1371.219971,30.331007,1.10077E+13,2.96283E+11,8027.6836,9768.3262,9572378,329758,1
132,FRA,548,MYS,Malaysia,France,2015,2237.224242,0,0,0,0,0,10553.11846,66.80838776,30.331007,2.41884E+12,2.96283E+11,36205.566,9768.3262,547026,329758,0
112,GBR,548,MYS,Malaysia,United Kingdom,2015,1834.66989,0,0,0,0,1,10714.88807,65.13822937,30.331007,2.858E+12,2.96283E+11,43875.973,9768.3262,244110,329758,0
536,IDN,548,MYS,Malaysia,Indonesia,2015,7949.546576,1,0,1,0,0,1306.635755,257.5638123,30.331007,8.61934E+11,2.96283E+11,3346.4871,9768.3262,1933658,329758,1
534,IND,548,MYS,Malaysia,India,2015,3901.275276,0,0,0,1,0,3610.290169,1311.050537,30.331007,2.0954E+12,2.96283E+11,1598.259,9768.3262,3287590,329758,1
136,ITA,548,MYS,Malaysia,Italy,2015,1330.096696,0,0,0,0,0,9907.099061,60.80208588,30.331007,1.8215E+12,2.96283E+11,29957.805,9768.3262,301323,329758,0
158,JPN,548,MYS,Malaysia,Japan,2015,13785.387,0,0,0,0,0,4967.820606,126.9584732,30.331007,4.12326E+12,2.96283E+11,32477.215,9768.3262,377801,329758,1
542,KOR,548,MYS,Malaysia,"Korea, Rep. of",2015,7968.249507,0,0,0,0,0,4418.149499,50.61704636,30.331007,1.37787E+12,2.96283E+11,27221.525,9768.3262,99484,329758,1
273,MEX,548,MYS,Malaysia,Mexico,2015,383.349626,0,0,0,0,0,16024.15442,127.0172272,30.331007,1.14379E+12,2.96283E+11,9005.0234,9768.3262,1967210,329758,0
566,PHL,548,MYS,Malaysia,Philippines,2015,1677.509481,0,0,0,0,0,2277.14228,100.6993942,30.331007,2.92451E+11,2.96283E+11,2904.2021,9768.3262,300000,329758,1
456,SAU,548,MYS,Malaysia,Saudi Arabia,2015,1937.786628,0,0,0,0,0,6885.212679,31.54037285,30.331007,6.46002E+11,2.96283E+11,20481.744,9768.3262,2153168,329758,0
578,THA,548,MYS,Malaysia,Thailand,2015,10691.04499,1,0,0,0,0,1282.879435,67.95935822,30.331007,3.95168E+11,2.96283E+11,5814.77,9768.3262,513115,329758,1
186,TUR,548,MYS,Malaysia,Turkey,2015,484.042635,0,0,0,0,0,8232.464565,78.66583252,30.331007,7.1788E+11,2.96283E+11,9125.6875,9768.3262,780576,329758,0
111,USA,548,MYS,Malaysia,United States,2015,14193.52152,0,0,0,0,0,14859.50568,321.4188232,30.331007,1.80366E+13,2.96283E+11,56115.719,9768.3262,9529106,329758,0
213,ARG,566,PHL,Philippines,Argentina,2015,199.52769,0,0,0,0,0,17783.10594,43.41675568,100.6993942,5.83169E+11,2.92451E+11,13431.878,2904.2021,2766889,300000,0
193,AUS,566,PHL,Philippines,Australia,2015,853.220454,0,1,1,0,0,5896.923465,23.78116989,100.6993942,1.33914E+12,2.92451E+11,56310.957,2904.2021,7686848,300000,1
223,BRA,566,PHL,Philippines,Brazil,2015,328.460891,0,0,0,0,0,18221.5136,207.8475342,100.6993942,1.77472E+12,2.92451E+11,8538.5898,2904.2021,8511920,300000,0
156,CAN,566,PHL,Philippines,Canada,2015,407.942039,0,1,1,0,0,12630.18408,35.85177231,100.6993942,1.55054E+12,2.92451E+11,43248.531,2904.2021,9976139,300000,0
924,CHN,566,PHL,Philippines,"China, P.R.: Mainland",2015,11915.23264,0,0,0,0,0,2613.129409,1371.219971,100.6993942,1.10077E+13,2.92451E+11,8027.6836,2904.2021,9572378,300000,1
132,FRA,566,PHL,Philippines,France,2015,1140.266116,0,0,0,0,0,10992.87378,66.80838776,100.6993942,2.41884E+12,2.92451E+11,36205.566,2904.2021,547026,300000,0
112,GBR,566,PHL,Philippines,United Kingdom,2015,425.980462,0,1,1,0,0,10905.8519,65.13822937,100.6993942,2.858E+12,2.92451E+11,43875.973,2904.2021,244110,300000,0
536,IDN,566,PHL,Philippines,Indonesia,2015,3221.753558,0,0,0,0,0,2609.464814,257.5638123,100.6993942,8.61934E+11,2.92451E+11,3346.4871,2904.2021,1933658,300000,1
534,IND,566,PHL,Philippines,India,2015,1333.731212,0,1,1,0,0,4843.75027,1311.050537,100.6993942,2.0954E+12,2.92451E+11,1598.259,2904.2021,3287590,300000,1
136,ITA,566,PHL,Philippines,Italy,2015,468.121839,0,0,0,0,0,10559.37828,60.80208588,100.6993942,1.8215E+12,2.92451E+11,29957.805,2904.2021,301323,300000,0
158,JPN,566,PHL,Philippines,Japan,2015,7022.949792,0,0,0,0,0,2956.596185,126.9584732,100.6993942,4.12326E+12,2.92451E+11,32477.215,2904.2021,377801,300000,1
542,KOR,566,PHL,Philippines,"Korea, Rep. of",2015,4770.560118,0,0,1,0,0,2669.686811,50.61704636,100.6993942,1.37787E+12,2.92451E+11,27221.525,2904.2021,99484,300000,1
273,MEX,566,PHL,Philippines,Mexico,2015,105.37522,0,0,0,0,0,13878.61575,127.0172272,100.6993942,1.14379E+12,2.92451E+11,9005.0234,2904.2021,1967210,300000,0
548,MYS,566,PHL,Philippines,Malaysia,2015,3481.065525,0,0,0,0,0,2277.142259,30.331007,100.6993942,2.96283E+11,2.92451E+11,9768.3262,2904.2021,329758,300000,1
456,SAU,566,PHL,Philippines,Saudi Arabia,2015,1996.761325,0,0,0,0,0,8260.842585,31.54037285,100.6993942,6.46002E+11,2.92451E+11,20481.744,2904.2021,2153168,300000,0
578,THA,566,PHL,Philippines,Thailand,2015,4663.586061,0,0,0,0,0,2306.804413,67.95935822,100.6993942,3.95168E+11,2.92451E+11,5814.77,2904.2021,513115,300000,1
186,TUR,566,PHL,Philippines,Turkey,2015,111.092362,0,0,0,0,0,9062.569559,78.66583252,100.6993942,7.1788E+11,2.92451E+11,9125.6875,2904.2021,780576,300000,0
111,USA,566,PHL,Philippines,United States,2015,7940.391748,0,1,1,0,1,13153.97562,321.4188232,100.6993942,1.80366E+13,2.92451E+11,56115.719,2904.2021,9529106,300000,0
213,ARG,456,SAU,Saudi Arabia,Argentina,2015,563.112823,0,0,0,0,0,12674.51273,43.41675568,31.54037285,5.83169E+11,6.46002E+11,13431.878,20481.744,2766889,2153168,0
193,AUS,456,SAU,Saudi Arabia,Australia,2015,1909.053771,0,0,0,0,0,12516.48275,23.78116989,31.54037285,1.33914E+12,6.46002E+11,56310.957,20481.744,7686848,2153168,0
223,BRA,456,SAU,Saudi Arabia,Brazil,2015,3170.279977,0,0,0,0,0,10659.19154,207.8475342,31.54037285,1.77472E+12,6.46002E+11,8538.5898,20481.744,8511920,2153168,0
156,CAN,456,SAU,Saudi Arabia,Canada,2015,1685.885213,0,0,0,0,0,10634.35495,35.85177231,31.54037285,1.55054E+12,6.46002E+11,43248.531,20481.744,9976139,2153168,0
924,CHN,456,SAU,Saudi Arabia,"China, P.R.: Mainland",2015,24639.44187,0,0,0,0,0,7093.231761,1371.219971,31.54037285,1.10077E+13,6.46002E+11,8027.6836,20481.744,9572378,2153168,0
132,FRA,456,SAU,Saudi Arabia,France,2015,5458.577277,0,0,0,0,0,4410.786339,66.80838776,31.54037285,2.41884E+12,6.46002E+11,36205.566,20481.744,547026,2153168,0
112,GBR,456,SAU,Saudi Arabia,United Kingdom,2015,5013.128499,0,0,0,0,0,4938.794769,65.13822937,31.54037285,2.858E+12,6.46002E+11,43875.973,20481.744,244110,2153168,0
536,IDN,456,SAU,Saudi Arabia,Indonesia,2015,2549.130076,0,0,0,0,0,7735.64046,257.5638123,31.54037285,8.61934E+11,6.46002E+11,3346.4871,20481.744,1933658,2153168,0
534,IND,456,SAU,Saudi Arabia,India,2015,6008.553979,0,0,0,0,0,3509.228883,1311.050537,31.54037285,2.0954E+12,6.46002E+11,1598.259,20481.744,3287590,2153168,0
136,ITA,456,SAU,Saudi Arabia,Italy,2015,5289.257135,0,0,0,0,0,3586.059594,60.80208588,31.54037285,1.8215E+12,6.46002E+11,29957.805,20481.744,301323,2153168,0
158,JPN,456,SAU,Saudi Arabia,Japan,2015,9942.937001,0,0,0,0,0,8853.633714,126.9584732,31.54037285,4.12326E+12,6.46002E+11,32477.215,20481.744,377801,2153168,0
542,KOR,456,SAU,Saudi Arabia,"Korea, Rep. of",2015,9933.504163,0,0,0,0,0,7964.911571,50.61704636,31.54037285,1.37787E+12,6.46002E+11,27221.525,20481.744,99484,2153168,0
273,MEX,456,SAU,Saudi Arabia,Mexico,2015,1169.960596,0,0,0,0,0,13615.72733,127.0172272,31.54037285,1.14379E+12,6.46002E+11,9005.0234,20481.744,1967210,2153168,0
548,MYS,456,SAU,Saudi Arabia,Malaysia,2015,1251.850219,0,0,0,0,0,6885.212744,30.331007,31.54037285,2.96283E+11,6.46002E+11,9768.3262,20481.744,329758,2153168,0
566,PHL,456,SAU,Saudi Arabia,Philippines,2015,294.392996,0,0,0,0,0,8260.842616,100.6993942,31.54037285,2.92451E+11,6.46002E+11,2904.2021,20481.744,300000,2153168,0
578,THA,456,SAU,Saudi Arabia,Thailand,2015,3749.164607,0,0,0,0,0,6106.021206,67.95935822,31.54037285,3.95168E+11,6.46002E+11,5814.77,20481.744,513115,2153168,0
186,TUR,456,SAU,Saudi Arabia,Turkey,2015,3398.536977,0,0,0,0,0,2117.857719,78.66583252,31.54037285,7.1788E+11,6.46002E+11,9125.6875,20481.744,780576,2153168,0
111,USA,456,SAU,Saudi Arabia,United States,2015,23953.8262,0,0,0,0,0,11715.97133,321.4188232,31.54037285,1.80366E+13,6.46002E+11,56115.719,20481.744,9529106,2153168,0
213,ARG,578,THA,Thailand,Argentina,2015,559.761218,0,0,0,0,0,17137.09488,43.41675568,67.95935822,5.83169E+11,3.95168E+11,13431.878,5814.77,2766889,513115,0
193,AUS,578,THA,Thailand,Australia,2015,4198.27941,0,0,0,0,0,7152.192003,23.78116989,67.95935822,1.33914E+12,3.95168E+11,56310.957,5814.77,7686848,513115,1
223,BRA,578,THA,Thailand,Brazil,2015,2088.229007,0,0,0,0,0,16232.15475,207.8475342,67.95935822,1.77472E+12,3.95168E+11,8538.5898,5814.77,8511920,513115,0
156,CAN,578,THA,Thailand,Canada,2015,923.392754,0,0,0,0,0,13088.90004,35.85177231,67.95935822,1.55054E+12,3.95168E+11,43248.531,5814.77,9976139,513115,0
924,CHN,578,THA,Thailand,"China, P.R.: Mainland",2015,40901.87521,0,0,0,0,0,2986.221823,1371.219971,67.95935822,1.10077E+13,3.95168E+11,8027.6836,5814.77,9572378,513115,1
132,FRA,578,THA,Thailand,France,2015,2698.295537,0,0,0,0,0,9475.635236,66.80838776,67.95935822,2.41884E+12,3.95168E+11,36205.566,5814.77,547026,513115,0
112,GBR,578,THA,Thailand,United Kingdom,2015,2539.669431,0,0,0,0,0,9590.160851,65.13822937,67.95935822,2.858E+12,3.95168E+11,43875.973,5814.77,244110,513115,0
536,IDN,578,THA,Thailand,Indonesia,2015,6536.126336,0,0,0,0,0,2305.686156,257.5638123,67.95935822,8.61934E+11,3.95168E+11,3346.4871,5814.77,1933658,513115,1
534,IND,578,THA,Thailand,India,2015,2618.187111,0,0,0,0,0,2716.948732,1311.050537,67.95935822,2.0954E+12,3.95168E+11,1598.259,5814.77,3287590,513115,1
136,ITA,578,THA,Thailand,Italy,2015,1915.967843,0,0,0,0,0,8875.156272,60.80208588,67.95935822,1.8215E+12,3.95168E+11,29957.805,5814.77,301323,513115,0
158,JPN,578,THA,Thailand,Japan,2015,31125.78403,0,0,0,0,0,4417.599283,126.9584732,67.95935822,4.12326E+12,3.95168E+11,32477.215,5814.77,377801,513115,1
542,KOR,578,THA,Thailand,"Korea, Rep. of",2015,7013.399705,0,0,0,0,0,3699.12807,50.61704636,67.95935822,1.37787E+12,3.95168E+11,27221.525,5814.77,99484,513115,1
273,MEX,578,THA,Thailand,Mexico,2015,547.637106,0,0,0,0,0,15363.9124,127.0172272,67.95935822,1.14379E+12,3.95168E+11,9005.0234,5814.77,1967210,513115,0
548,MYS,578,THA,Thailand,Malaysia,2015,11872.0648,1,0,0,0,0,1282.879415,30.331007,67.95935822,2.96283E+11,3.95168E+11,9768.3262,5814.77,329758,513115,1
566,PHL,578,THA,Thailand,Philippines,2015,2348.150854,0,0,0,0,0,2306.804496,100.6993942,67.95935822,2.92451E+11,3.95168E+11,2904.2021,5814.77,300000,513115,1
456,SAU,578,THA,Thailand,Saudi Arabia,2015,4915.298112,0,0,0,0,0,6106.021093,31.54037285,67.95935822,6.46002E+11,3.95168E+11,20481.744,5814.77,2153168,513115,0
186,TUR,578,THA,Thailand,Turkey,2015,232.443096,0,0,0,0,0,7232.054556,78.66583252,67.95935822,7.1788E+11,3.95168E+11,9125.6875,5814.77,780576,513115,0
111,USA,578,THA,Thailand,United States,2015,13814.96612,0,0,0,0,0,13936.19215,321.4188232,67.95935822,1.80366E+13,3.95168E+11,56115.719,5814.77,9529106,513115,0
213,ARG,186,TUR,Turkey,Argentina,2015,234.495297,0,0,0,0,0,12474.3765,43.41675568,78.66583252,5.83169E+11,7.1788E+11,13431.878,9125.6875,2766889,780576,0
193,AUS,186,TUR,Turkey,Australia,2015,544.814645,0,0,0,0,0,14180.87611,23.78116989,78.66583252,1.33914E+12,7.1788E+11,56310.957,9125.6875,7686848,780576,0
223,BRA,186,TUR,Turkey,Brazil,2015,1792.241432,0,0,0,0,0,10224.84128,207.8475342,78.66583252,1.77472E+12,7.1788E+11,8538.5898,9125.6875,8511920,780576,0
156,CAN,186,TUR,Turkey,Canada,2015,929.038076,0,0,0,0,0,8625.863351,35.85177231,78.66583252,1.55054E+12,7.1788E+11,43248.531,9125.6875,9976139,780576,0
924,CHN,186,TUR,Turkey,"China, P.R.: Mainland",2015,24873.45707,0,0,0,0,0,7230.205265,1371.219971,78.66583252,1.10077E+13,7.1788E+11,8027.6836,9125.6875,9572378,780576,0
132,FRA,186,TUR,Turkey,France,2015,7597.686796,0,0,0,0,0,2477.965054,66.80838776,78.66583252,2.41884E+12,7.1788E+11,36205.566,9125.6875,547026,780576,1
112,GBR,186,TUR,Turkey,United Kingdom,2015,5541.276816,0,0,0,0,0,2915.582599,65.13822937,78.66583252,2.858E+12,7.1788E+11,43875.973,9125.6875,244110,780576,1
536,IDN,186,TUR,Turkey,Indonesia,2015,1638.245117,0,0,0,0,0,9213.941486,257.5638123,78.66583252,8.61934E+11,7.1788E+11,3346.4871,9125.6875,1933658,780576,0
534,IND,186,TUR,Turkey,India,2015,5613.569791,0,0,0,0,0,4708.481283,1311.050537,78.66583252,2.0954E+12,7.1788E+11,1598.259,9125.6875,3287590,780576,0
136,ITA,186,TUR,Turkey,Italy,2015,10641.58168,0,0,0,0,0,1727.240391,60.80208588,78.66583252,1.8215E+12,7.1788E+11,29957.805,9125.6875,301323,780576,1
158,JPN,186,TUR,Turkey,Japan,2015,3140.056713,0,0,0,0,0,8718.031993,126.9584732,78.66583252,4.12326E+12,7.1788E+11,32477.215,9125.6875,377801,780576,0
542,KOR,186,TUR,Turkey,"Korea, Rep. of",2015,7057.422694,0,0,0,0,0,7937.728481,50.61704636,78.66583252,1.37787E+12,7.1788E+11,27221.525,9125.6875,99484,780576,1
273,MEX,186,TUR,Turkey,Mexico,2015,860.674936,0,0,0,0,0,11613.60816,127.0172272,78.66583252,1.14379E+12,7.1788E+11,9005.0234,9125.6875,1967210,780576,0
548,MYS,186,TUR,Turkey,Malaysia,2015,1339.167678,0,0,0,0,0,8232.46459,30.331007,78.66583252,2.96283E+11,7.1788E+11,9768.3262,9125.6875,329758,780576,0
566,PHL,186,TUR,Turkey,Philippines,2015,115.774073,0,0,0,0,0,9062.569166,100.6993942,78.66583252,2.92451E+11,7.1788E+11,2904.2021,9125.6875,300000,780576,0
456,SAU,186,TUR,Turkey,Saudi Arabia,2015,2117.220038,0,0,0,0,0,2117.857723,31.54037285,78.66583252,6.46002E+11,7.1788E+11,20481.744,9125.6875,2153168,780576,0
578,THA,186,TUR,Turkey,Thailand,2015,1209.784692,0,0,0,0,0,7232.054458,67.95935822,78.66583252,3.95168E+11,7.1788E+11,5814.77,9125.6875,513115,780576,0
111,USA,186,TUR,Turkey,United States,2015,11143.35286,0,0,0,0,0,9705.772318,321.4188232,78.66583252,1.80366E+13,7.1788E+11,56115.719,9125.6875,9529106,780576,0
213,ARG,111,USA,United States,Argentina,2015,3948.332947,0,0,1,0,0,8678.352247,43.41675568,321.4188232,5.83169E+11,1.80366E+13,13431.878,56115.719,2766889,9529106,0
193,AUS,111,USA,United States,Australia,2015,10862.1652,0,1,1,0,0,14802.03194,23.78116989,321.4188232,1.33914E+12,1.80366E+13,56310.957,56115.719,7686848,9529106,1
223,BRA,111,USA,United States,Brazil,2015,27405.26165,0,0,0,0,0,8088.513876,207.8475342,321.4188232,1.77472E+12,1.80366E+13,8538.5898,56115.719,8511920,9529106,0
156,CAN,111,USA,United States,Canada,2015,295190.3089,1,1,1,0,0,2079.296721,35.85177231,321.4188232,1.55054E+12,1.80366E+13,43248.531,56115.719,9976139,9529106,1
924,CHN,111,USA,United States,"China, P.R.: Mainland",2015,481880.7635,0,0,0,0,0,11183.42812,1371.219971,321.4188232,1.10077E+13,1.80366E+13,8027.6836,56115.719,9572378,9529106,0
132,FRA,111,USA,United States,France,2015,47761.44466,0,0,0,0,0,7456.767207,66.80838776,321.4188232,2.41884E+12,1.80366E+13,36205.566,56115.719,547026,9529106,0
112,GBR,111,USA,United States,United Kingdom,2015,57805.24949,0,1,1,0,0,6878.493481,65.13822937,321.4188232,2.858E+12,1.80366E+13,43875.973,56115.719,244110,9529106,0
536,IDN,111,USA,United States,Indonesia,2015,19575.32214,0,0,0,0,0,15535.87316,257.5638123,321.4188232,8.61934E+11,1.80366E+13,3346.4871,56115.719,1933658,9529106,0
534,IND,111,USA,United States,India,2015,44741.39054,0,1,1,0,0,13131.91448,1311.050537,321.4188232,2.0954E+12,1.80366E+13,1598.259,56115.719,3287590,9529106,0
136,ITA,111,USA,United States,Italy,2015,44014.56895,0,0,0,0,0,8284.00558,60.80208588,321.4188232,1.8215E+12,1.80366E+13,29957.805,56115.719,301323,9529106,0
158,JPN,111,USA,United States,Japan,2015,131119.7497,0,0,0,0,0,10286.1942,126.9584732,321.4188232,4.12326E+12,1.80366E+13,32477.215,56115.719,377801,9529106,0
542,KOR,111,USA,United States,"Korea, Rep. of",2015,71827.4421,0,0,1,0,0,10682.86416,50.61704636,321.4188232,1.37787E+12,1.80366E+13,27221.525,56115.719,99484,9529106,1
273,MEX,111,USA,United States,Mexico,2015,294741.1074,1,0,1,0,0,2468.404888,127.0172272,321.4188232,1.14379E+12,1.80366E+13,9005.0234,56115.719,1967210,9529106,1
548,MYS,111,USA,United States,Malaysia,2015,33828.20382,0,0,0,0,0,14859.50583,30.331007,321.4188232,2.96283E+11,1.80366E+13,9768.3262,56115.719,329758,9529106,0
566,PHL,111,USA,United States,Philippines,2015,10200.24938,0,1,1,0,1,13153.97546,100.6993942,321.4188232,2.92451E+11,1.80366E+13,2904.2021,56115.719,300000,9529106,0
456,SAU,111,USA,United States,Saudi Arabia,2015,22080.50799,0,0,0,0,0,11715.97146,31.54037285,321.4188232,6.46002E+11,1.80366E+13,20481.744,56115.719,2153168,9529106,0
578,THA,111,USA,United States,Thailand,2015,28594.75465,0,0,0,0,0,13936.19257,67.95935822,321.4188232,3.95168E+11,1.80366E+13,5814.77,56115.719,513115,9529106,0
186,TUR,111,USA,United States,Turkey,2015,7827.59031,0,0,0,0,0,9705.772134,78.66583252,321.4188232,7.1788E+11,1.80366E+13,9125.6875,56115.719,780576,9529106,0
